id_post,id_post_origin
638779430,0
953043456,0
650889385,0
144265898,0
955542283,638779430
723527339,650889385
662638612,144265898
547874736,638779430
823986367,650889385
938483485,638779430
855036767,638779430
948983044,144265898
814088954,144265898
367474713,638779430
997125666,144265898
972167608,953043456
774651272,638779430
991154137,953043456
834132714,953043456
509376048,953043456
844989061,953043456
156553588,953043456
206521432,638779430
760062606,953043456
297176418,650889385
620222338,144265898
194393365,638779430
553535281,638779430
566723761,144265898
975701606,638779430
185596874,638779430
607336548,144265898
316758859,194393365
841277331,607336548
209759310,607336548
528056848,297176418
272150657,638779430
549129359,723527339
443954067,834132714
859940920,855036767
501751257,650889385
936840513,774651272
563304812,955542283
483162561,194393365
941692231,760062606
258198047,297176418
482236108,297176418
284279093,972167608
884757929,760062606
586288334,997125666
215885449,566723761
466555555,760062606
564289268,156553588
562296983,948983044
210817164,185596874
833466198,972167608
790140143,844989061
447831297,834132714
766172323,938483485
477719920,194393365
624467407,662638612
254129840,938483485
704684579,509376048
967858644,144265898
484342250,607336548
623471714,297176418
349104683,975701606
514269244,823986367
229197977,144265898
242986464,855036767
960427462,638779430
886561532,997125666
138868942,607336548
581400104,953043456
168880998,509376048
538599582,553535281
696209999,723527339
804358914,774651272
661129264,991154137
497461821,997125666
837897837,991154137
177174039,834132714
218140241,855036767
996623073,367474713
645295372,774651272
650339957,975701606
443900459,650889385
740498404,553535281
548658496,156553588
781113360,662638612
459673654,620222338
377618848,955542283
308577497,547874736
797882521,297176418
154473010,547874736
512810770,823986367
506400287,814088954
522292224,367474713
468629811,185596874
330127374,823986367
263883295,553535281
382527955,194393365
601917016,997125666
145497977,620222338
156950377,367474713
303151676,760062606
852878856,194393365
128266347,210817164
247310624,215885449
922389702,936840513
741397487,377618848
676822549,242986464
654813293,168880998
407177115,936840513
712030628,997125666
250479746,790140143
499647234,145497977
222885132,650889385
962895245,447831297
657878250,997125666
775238146,696209999
914472279,156553588
702362799,483162561
494487821,797882521
294266062,272150657
458779351,528056848
789592835,258198047
603624418,548658496
810913610,938483485
993171452,466555555
658672846,650889385
810961247,760062606
948942202,650889385
241597185,797882521
804609254,547874736
790202097,194393365
949444650,760062606
122648031,185596874
631042121,886561532
285878764,497461821
947238913,242986464
715264412,156950377
815116470,272150657
473755917,484342250
403624757,790140143
861841481,484342250
654064543,466555555
213969073,297176418
734673283,459673654
271827095,855036767
924809354,623471714
871739538,443954067
999485930,443900459
831943790,841277331
910321924,704684579
139299450,506400287
490392689,330127374
829660995,144265898
283096556,844989061
383374723,623471714
921790609,781113360
941146322,308577497
741388796,548658496
596332390,477719920
624251203,645295372
926144922,553535281
726535575,206521432
379883730,168880998
351266880,623471714
835954508,760062606
606349815,837897837
455703658,210817164
738239742,501751257
768477389,620222338
494008546,468629811
260007214,650339957
609475176,514269244
339717497,823986367
723474042,185596874
536837952,349104683
411715600,586288334
569238009,512810770
496572091,482236108
612825154,272150657
702870969,377618848
140130777,967858644
994778645,185596874
487917912,563304812
135923573,996623073
778677733,528056848
122672744,549129359
572056570,156553588
603361637,620222338
438689337,760062606
550527352,185596874
890181965,886561532
185620661,194393365
487590998,308577497
595892317,377618848
359070842,144265898
336294371,967858644
884905964,972167608
468349702,477719920
573845634,740498404
362834953,960427462
640432122,272150657
611594614,662638612
316855107,662638612
113859582,953043456
630547142,297176418
677010619,662638612
350698529,156553588
681465236,156553588
976988154,844989061
131451809,645295372
654429290,723527339
663594931,948983044
859966582,443954067
940077636,330127374
664222145,760062606
921278956,308577497
999695876,797882521
860433462,766172323
422441945,844989061
979135084,382527955
949017800,975701606
150444693,948983044
404169788,955542283
502507033,138868942
916814186,316758859
587389412,215885449
247293529,263883295
534828055,844989061
260460335,459673654
371802022,960427462
671567487,790140143
216598179,316758859
918972082,206521432
648480198,972167608
528078611,549129359
138758719,967858644
824696317,975701606
419485727,367474713
122361946,229197977
938830068,607336548
458527391,834132714
982888212,272150657
399114865,154473010
595540093,797882521
160171451,662638612
848262848,936840513
567071529,316758859
927160301,210817164
697542135,242986464
399049126,213969073
238391065,549129359
572089419,229197977
739652923,549129359
630555393,241597185
392927904,247310624
169554871,886561532
954767903,468349702
369933959,494487821
858034003,657878250
823033167,999695876
701501434,351266880
137680854,948983044
477190879,997125666
326528874,349104683
397099121,403624757
153297709,177174039
314437300,455703658
245665679,484342250
493762252,377618848
671354990,549129359
417276896,316855107
244928575,563304812
908552405,351266880
852962304,443954067
727859075,975701606
796657320,860433462
414358927,790202097
621291253,156553588
205333358,702362799
791840249,841277331
540875198,564289268
318303934,948942202
255210644,573845634
430520815,145497977
165168691,509376048
584674477,122648031
231555831,962895245
756105925,624467407
216253430,567071529
287002585,996623073
950540729,645295372
679484421,438689337
743116988,859966582
681174482,810961247
179799832,499647234
488071396,654429290
650257367,949017800
183607590,549129359
522259457,982888212
419957084,938483485
489576680,997125666
125958793,473755917
762233435,996623073
226830281,859966582
265769711,630547142
780973707,512810770
957729814,768477389
863593659,399114865
200372994,247310624
331249878,834132714
287554630,741388796
872691104,624251203
398305041,927160301
348055889,477719920
199628038,704684579
255261346,664222145
837823045,704684579
243545563,553535281
463970225,823986367
269933430,740498404
519441063,781113360
802380591,855036767
529352584,185596874
331676477,484342250
191790917,936840513
723543074,797882521
608141865,458779351
715203307,206521432
253529857,547874736
899443825,741397487
337584509,844989061
925500705,996623073
696018320,350698529
925722825,294266062
236303906,447831297
705605267,122648031
464680201,941146322
669781841,884757929
797599432,927160301
958940260,241597185
625611141,861841481
808933325,247310624
990437739,810961247
382546485,620222338
290214736,824696317
298225462,664222145
878174872,499647234
442626538,781113360
143256226,573845634
333128067,350698529
625907142,993171452
642701876,222885132
150547113,160171451
459689685,681465236
169459651,631042121
161320962,303151676
669900332,139299450
927410544,466555555
789626662,443954067
451132706,797882521
254052052,473755917
119642362,860433462
601515128,781113360
116129728,804358914
124431067,569238009
533914427,458779351
831951526,804358914
986090507,468349702
517786817,482236108
832992934,502507033
310452860,844989061
787453720,494008546
740464703,657878250
220872337,260007214
210579518,564289268
121206950,222885132
660948344,447831297
486244745,768477389
931708422,972167608
313330656,778677733
712025001,139299450
975548339,458527391
456318030,884905964
878672449,941146322
593816865,645295372
638932976,168880998
457527472,631042121
345939555,844989061
625771367,494008546
743476291,438689337
766489739,572056570
237859352,859966582
545386643,250479746
706626819,976988154
891781807,536837952
121821553,884905964
520686079,349104683
130002286,949444650
291342682,823986367
798678963,371802022
733058244,658672846
423223913,494008546
588084683,477719920
659217426,841277331
849209680,549129359
986982066,726535575
698593007,528078611
346593987,138868942
437629049,982888212
163103974,596332390
808759581,144265898
172956790,890181965
734226185,185620661
219995864,547874736
302713921,949017800
159261204,377618848
295538073,824696317
560271864,650339957
859840455,458527391
644229431,837897837
964110332,509376048
557755390,490392689
816723513,723474042
296690880,624251203
206357582,351266880
965990441,567071529
475031320,403624757
458679435,921278956
727369156,948942202
283340869,411715600
750344545,501751257
674848937,697542135
482344443,996623073
589365989,382527955
954140561,740498404
166434724,215885449
941896953,948942202
387251342,547874736
467708310,382527955
375533698,466555555
603669811,156950377
434999563,979135084
477148420,922389702
274500815,775238146
741621458,741397487
232055500,702870969
726245914,497461821
332973128,285878764
452491753,213969073
314208955,260007214
308785043,760062606
823238106,855036767
750414919,949444650
563683064,760062606
146447160,283096556
639996346,662638612
429683459,294266062
242929152,884905964
328380402,623471714
631862932,890181965
768731993,522292224
213751871,122648031
296725598,573845634
139907939,835954508
347665311,549129359
836685119,138758719
320759393,916814186
419543156,168880998
153049529,528078611
897218296,859966582
463181008,122672744
734318285,601917016
793732429,781113360
639252378,499647234
384955219,459673654
710141660,810961247
796066273,482236108
990594514,168880998
646284691,595892317
179012955,595540093
420906419,774651272
842318862,999695876
407618265,833466198
779996244,976988154
771232061,775238146
748998929,855036767
571014554,362834953
999044951,814088954
285121837,606349815
436701951,506400287
889804564,741388796
262140028,371802022
473413329,734673283
707514982,443900459
598424507,216598179
673179308,650889385
321623875,284279093
824596015,138868942
900880529,443900459
968598942,638779430
781731161,972167608
641360612,681465236
651399540,681465236
646361120,824696317
439191690,316758859
173175118,229197977
642061950,855036767
761300440,723527339
158705475,815116470
670342830,209759310
399001756,272150657
798637917,967858644
507712054,399114865
621658674,250479746
917457487,815116470
372514844,927160301
829583520,404169788
329360314,712030628
850282786,766172323
449504865,936840513
588261277,506400287
893310387,477719920
587056975,860433462
717228708,804609254
777500194,991154137
981713355,664222145
366012215,607336548
360011562,497461821
997806102,948942202
382033989,145497977
549189368,972167608
953356189,871739538
613265581,941692231
966727565,419485727
565947151,696209999
501751723,609475176
606038504,654813293
620824231,258198047
647111559,150444693
558855063,563304812
118809804,948983044
915818163,138868942
465227153,194393365
595788808,624467407
466481725,553535281
562800856,283096556
613555392,490392689
446448882,741397487
636093444,861841481
776087423,631042121
770436889,664222145
306674244,206521432
421180437,999485930
549277747,949444650
144031989,455703658
934711170,122648031
756539339,548658496
500022755,837897837
696216949,790140143
667975547,113859582
711289848,177174039
831300227,567071529
237389757,741397487
219991744,638779430
597961434,367474713
488331634,852878856
963970775,494487821
570567279,308577497
336774672,250479746
137374241,654429290
378944923,723527339
132477437,113859582
538196524,833466198
469500674,797882521
699718449,150444693
698856831,979135084
498903311,775238146
555044039,572056570
301660733,837897837
905400660,654429290
506232123,497461821
498972492,797882521
431088599,595540093
189752399,781113360
554298994,631042121
550462752,606349815
498957457,657878250
989323853,303151676
546219426,982888212
389425587,122361946
150713674,210817164
120151009,422441945
794214156,601917016
453762228,972167608
304132499,833466198
796368908,884905964
655203663,297176418
929874295,715264412
847808692,663594931
359098580,741388796
568574112,921790609
771244440,924809354
550540603,999485930
314426257,815116470
872181336,663594931
515726161,494008546
137043760,654064543
571156288,138868942
732822576,848262848
433897630,455703658
957768981,497461821
680587227,723474042
411768294,303151676
375649532,144265898
210362123,972167608
152952055,587389412
898404734,350698529
913385829,459673654
251840745,947238913
978017467,833466198
320767177,702362799
559053748,555044039
839660353,712030628
242293816,250479746
525438800,899443825
507848320,346593987
224575756,468629811
442072208,597961434
461745086,346593987
469213584,283096556
961258103,723474042
253166103,796066273
666191678,483162561
983877623,595540093
889769551,863593659
813912221,517786817
858880879,921790609
489564089,603361637
928524836,285121837
286857224,452491753
655512892,473755917
543880459,889804564
320231139,254129840
585884916,451132706
759823119,121821553
531249211,852878856
778517923,860433462
344708647,378944923
416423935,498972492
207295135,303151676
426561877,399049126
856541895,536837952
218577550,331676477
405712923,710141660
489218670,623471714
896269288,156553588
643206024,588261277
985130128,791840249
802110948,638932976
662978337,670342830
564818939,545386643
189234227,625907142
464176719,810961247
941768789,976988154
251971132,572056570
477223421,487917912
750470849,768731993
886678800,698593007
182216295,844989061
354833952,439191690
146469634,145497977
783063416,781113360
775133944,889804564
661690281,247310624
552862257,924809354
874021274,232055500
329862971,558855063
620555341,404169788
323829025,647111559
268538448,697542135
443657143,177174039
201765881,900880529
752670779,349104683
968361053,706626819
377455285,156950377
552620481,603361637
997476028,140130777
695278008,705605267
144567831,989323853
150902023,229197977
815911978,603669811
845796187,891781807
881902434,493762252
839296062,519441063
599802564,118809804
150084634,967858644
566403791,891781807
253903047,681174482
950624963,291342682
968590359,339717497
743163952,640432122
751106230,790202097
932023740,824596015
853255328,250479746
187564196,499647234
585588979,918972082
722214800,455703658
449045596,411715600
834128903,554298994
722144002,587056975
851365745,144031989
787949391,468629811
370430233,771244440
362636208,265769711
431381840,941896953
244740233,781113360
694810662,463970225
949374450,262140028
927164313,346593987
496573377,669900332
339715548,986982066
390738497,455703658
515660165,509376048
388469757,241597185
904252117,916814186
786571558,328380402
810524825,986090507
402538915,739652923
771417219,760062606
831627934,914472279
712116165,304132499
182824238,118809804
262471809,624251203
733619511,571156288
371697246,842318862
412477662,941896953
293855483,399001756
857507899,290214736
231375669,756539339
306073946,254052052
613780568,219995864
709795418,608141865
358225295,382546485
330280998,421180437
829009502,789592835
497735999,908552405
215534491,547874736
865474257,564289268
798742487,898404734
284619247,139299450
245065382,145497977
367195266,555044039
644999654,375533698
365167097,263883295
271681131,859840455
331106427,630555393
868930588,284279093
213506717,607336548
982468080,639996346
922688114,540875198
318598108,734226185
222857602,417276896
977636527,925500705
404622210,644229431
397542224,296690880
454280946,787453720
841100670,387251342
424798858,284279093
305793466,555044039
798449726,272150657
418804463,621291253
170776503,699718449
610545105,958940260
499695471,488071396
560081383,823033167
764152246,534828055
759191307,417276896
702362788,603361637
900618363,528078611
308638975,589365989
122669853,125958793
428105716,787453720
951527147,179012955
565776936,185596874
853941609,899443825
776411235,439191690
434269794,287554630
386090216,118809804
980052722,466481725
716551074,858034003
548353538,770436889
609978735,285121837
995863931,824696317
356902953,215885449
948463618,130002286
860583817,122361946
436290728,620222338
505990352,451132706
278923845,986090507
986780724,199628038
373283585,347665311
964528297,488331634
617022283,490392689
919601870,191790917
367072395,698593007
135671162,536837952
555243818,620222338
689420006,796066273
764986434,359098580
785744881,780973707
951558690,954140561
146029415,241597185
764049215,844989061
525121980,960427462
462338957,863593659
767751914,238391065
824356691,831951526
905230356,429683459
735080883,506232123
866122163,294266062
334366715,588261277
166202536,916814186
491197925,673179308
669888136,741621458
275524072,194393365
906771887,913385829
347582724,775238146
301543599,272150657
546892782,255210644
890176021,260460335
753666482,631042121
292999566,407618265
296423487,657878250
309083565,166434724
889855369,646361120
990153485,957729814
195508602,756539339
169978154,740464703
921212075,163103974
813139418,219995864
809397713,262140028
466101619,348055889
301843443,603669811
164836386,601515128
263127175,657878250
343257421,458527391
926104048,506400287
710936338,900880529
741733688,247310624
261761308,780973707
541942070,528056848
648953801,419957084
156178766,567071529
941405119,538196524
165901126,569238009
909133650,741388796
837606879,298225462
570898375,711289848
975474439,743476291
265213875,631862932
755951987,586288334
705212201,750414919
375991094,169459651
495443864,331676477
627196884,681174482
204883148,308577497
929366525,804609254
351494826,926144922
312010993,446448882
989911335,179799832
251288744,603624418
610685742,586288334
803102213,760062606
818585423,642701876
335356524,727859075
214920218,659217426
780162413,612825154
388113329,967858644
833514297,458779351
141462624,916814186
119633058,215885449
149386782,829583520
695158318,917457487
622035395,529352584
751569353,320767177
155544299,913385829
328066353,621291253
953876130,269933430
289244598,119642362
283890119,658672846
399759786,431088599
554636902,588084683
380634518,546219426
539209138,467708310
656438477,823986367
682900331,916814186
899172354,776087423
956192564,205333358
562949955,498972492
117155012,777500194
813074967,498957457
864297480,150713674
990351211,179799832
887353532,507712054
482582578,589365989
286361541,624251203
464907597,642061950
947827007,965990441
190823140,314426257
429135460,815116470
832953413,566723761
236938714,810961247
964039818,260460335
679785397,194393365
658764751,446448882
642067432,540875198
687648581,976988154
257111393,936840513
336705665,399001756
669220907,383374723
913298868,766489739
499294521,726535575
474005636,642061950
485059048,642061950
447826904,229197977
383484292,824596015
970925101,456318030
820216893,506232123
771425208,595788808
599235481,639252378
852231875,863593659
478192660,860433462
999034802,927160301
857536908,606038504
528016526,306674244
895316641,555044039
819650935,529352584
789382845,153049529
564918079,331249878
514505841,139299450
672332984,878672449
608889238,954767903
585366166,776087423
717090328,972167608
395673298,304132499
613529245,287554630
954751127,941146322
945399692,533914427
447908876,638932976
549233480,247310624
283814339,931708422
899734195,301660733
489348248,274500815
543147316,493762252
333009788,213751871
281933811,260007214
159195320,549277747
750788197,613265581
252771950,137680854
724827557,630547142
597510132,122361946
324954596,802380591
908851343,392927904
225095959,242929152
654330255,855036767
499189233,671567487
793336858,750414919
445101892,681465236
505223895,833466198
347809491,908552405
495080755,562296983
492003110,263883295
469821737,545386643
392622393,423223913
368139259,858034003
772951603,897218296
821541365,741397487
238410231,113859582
294906389,833466198
757761278,659217426
965678624,287002585
117594686,121206950
710559687,498972492
489145945,699718449
867329633,891781807
681001676,403624757
272312685,613555392
293377959,489576680
431811138,572056570
973069637,419543156
574058958,824696317
352997582,669900332
530104764,994778645
873908092,517786817
533131665,447831297
349192860,831951526
503423101,497461821
568615322,797599432
642284958,200372994
950210721,469500674
265695532,550527352
443279696,741388796
489113029,515726161
672859307,522292224
371676901,740464703
251987236,677010619
844291018,650889385
855664825,779996244
987130018,375533698
118894411,382546485
506894495,804609254
311193225,630555393
281120033,966727565
749056962,122361946
676096880,766172323
894515113,762233435
604444825,138758719
261922397,349104683
308047869,430520815
667062606,210579518
913279352,528056848
632951091,780973707
639250370,258198047
949943149,698593007
640184825,981713355
763583733,858034003
196616456,497461821
563533707,834132714
855145812,185596874
966612368,804609254
614094321,533914427
678016224,326528874
410536413,262140028
803006580,954140561
800376495,337584509
715420499,925500705
545269597,501751723
304449569,568574112
368068448,269933430
449692843,954140561
726934511,496572091
212351973,140130777
316421033,200372994
614805106,459673654
573590298,453762228
467734647,760062606
515944957,399114865
341635343,966727565
878924368,926144922
683730970,145497977
346054907,914472279
815248531,153297709
159950914,654429290
311101141,831943790
873919936,999485930
960490117,166434724
322743438,131451809
187828404,131451809
113079721,349104683
249532801,948983044
171387214,290214736
156128592,172956790
404488776,429683459
829113535,872181336
763660972,570567279
333545122,789592835
370984605,399049126
545116383,153297709
335374672,487590998
413350661,651399540
960688448,285121837
163236122,421180437
339795531,232055500
736715392,756105925
131208779,553535281
163467323,156950377
852632872,791840249
832946400,569238009
513692477,925722825
250755623,308785043
805419398,555044039
761534124,797599432
289768056,948942202
390754490,631042121
632257160,953043456
961561701,501751257
661301150,781731161
823843227,798678963
779135837,837897837
184247384,482344443
130107826,458527391
241975326,545386643
640629629,733058244
234163925,804609254
467307212,320759393
306837108,696209999
733630196,139299450
690181743,717228708
743016726,522292224
314259930,161320962
410449087,287002585
186191524,595788808
616566620,237859352
971990265,156950377
172328856,242929152
351999039,999485930
948647052,723527339
731234661,206521432
644181436,734673283
819596291,990437739
473039216,562296983
448890362,940077636
840215684,674848937
487775227,549277747
954987683,609475176
877861128,383374723
304767554,571156288
393577058,436701951
380574976,442626538
952892700,362834953
697904206,900880529
233894205,671567487
438941330,568574112
306607803,560271864
676483609,499647234
946516374,489576680
706332343,978017467
831876921,790202097
649061846,497461821
368432975,558855063
399033790,957768981
905059141,459689685
931183054,262140028
371928039,671567487
154638313,860433462
606053462,953043456
599649293,298225462
788395441,797882521
503629837,586288334
424744689,723474042
276003961,789592835
839795250,647111559
791007537,283340869
392664848,953356189
253419972,978017467
932998208,431088599
292246997,210817164
178456392,128266347
998661619,989323853
748606704,953356189
230731312,185620661
821144093,206357582
198490956,571156288
717803452,681174482
315159614,484342250
989988664,549129359
300697254,439191690
292573755,829583520
513126653,663594931
362649196,138758719
181163913,842318862
666680338,533914427
724069005,331676477
890055334,732822576
377273947,638779430
617935837,941146322
778218504,741397487
917902169,702362799
692530110,726245914
141896848,630547142
710399250,398305041
394106874,823033167
566673994,662638612
438490160,383374723
415446250,835954508
743600181,163103974
943128561,458679435
558778330,122648031
584897285,569238009
775604713,835954508
146958613,996623073
541958772,704684579
138195354,210362123
335393065,487590998
191946775,810913610
248364346,487917912
259361309,468349702
166569776,153049529
878217777,727369156
696942836,117594686
418439355,156950377
586539144,889855369
738000370,513692477
295330678,735080883
795114948,727369156
256958301,487917912
671875850,375649532
432399893,824356691
114063638,748606704
844548760,563304812
312265482,796368908
828155182,678016224
714011255,859966582
191896430,122648031
808263367,139907939
327270818,859940920
208545746,999485930
455824437,329862971
870602481,831951526
452098145,571014554
958599996,938830068
318646358,783063416
530948022,706332343
276156505,663594931
940910007,877861128
547120088,214920218
274952790,522259457
165583613,478192660
775868895,507848320
714695801,316855107
784359054,966612368
679834289,473413329
689692864,119642362
274971873,640432122
468758525,443900459
700871032,373283585
972343808,980052722
870996338,640184825
884487865,947827007
490168111,520686079
369033225,774651272
974965268,986090507
620816412,224575756
159018847,763660972
240189911,815248531
325900750,236303906
572665225,328066353
773976867,257111393
917218519,898404734
752258525,857507899
534786962,456318030
115571467,603624418
826765723,231555831
649595143,563304812
245563739,131208779
996110160,501751257
204743619,139907939
214282645,774651272
285525711,781113360
602551520,382527955
284729433,777500194
363762775,469500674
353750248,146447160
629844520,957768981
495105121,281120033
699175453,539209138
112240863,263883295
176462692,555243818
696476368,863593659
316530391,343257421
404907374,820216893
211927932,750470849
432570282,776411235
292050813,919601870
338887623,397099121
418561441,497735999
521924574,871739538
309501609,143256226
810547769,951558690
675049617,921790609
195479248,962895245
454801086,622035395
169838769,962895245
562029563,731234661
214206920,515726161
637587451,210579518
302437138,616566620
599988654,735080883
186692172,595892317
346112346,731234661
685363562,597510132
774953833,336294371
639969887,522292224
145262657,791007537
250098357,367195266
119460797,752670779
564998396,375991094
803091476,253903047
751319613,743163952
477725464,957768981
445837440,881902434
498677178,657878250
868755169,913385829
812664070,173175118
985055727,644999654
781406515,837823045
167150807,781731161
533854226,333545122
321954520,473755917
477386543,805419398
254283567,585884916
270081970,283814339
475011894,756105925
479294769,159261204
936351797,620222338
523515274,802380591
778493282,952892700
955663375,367474713
387995679,796657320
240542291,292573755
700692149,392664848
435158626,272150657
918315935,475031320
590032132,985130128
433888947,639250370
381893604,243545563
886241801,723474042
728489536,410449087
219998352,214920218
152954172,949943149
390790973,775604713
739387394,950210721
644245836,251288744
619608442,585366166
341916030,642701876
398768816,657878250
162188398,798449726
504227140,676096880
130893964,975548339
431083459,286361541
470161166,940077636
774861458,646284691
618055751,606349815
599022408,298225462
883456351,981713355
249000721,283340869
138899140,954987683
596745576,333128067
883139505,473039216
810853139,734226185
867436449,263127175
356137388,506894495
151050608,251987236
426654747,775238146
664871057,644229431
865857497,775238146
746903291,272312685
919653245,549189368
462668066,898404734
450852388,991154137
630900851,154638313
502689620,563533707
483736770,468349702
917177904,513126653
974247127,150444693
371937841,285878764
237764160,156178766
728109583,311193225
729067669,538599582
206229979,926144922
386901700,248364346
714057962,166202536
533567702,209759310
305225471,414358927
797726987,676822549
302507434,595540093
469039315,679484421
598176180,638932976
616171348,932023740
749538006,311101141
597285423,506400287
985421892,766172323
202419383,748606704
374041104,785744881
318185064,767751914
960452593,946516374
557130295,750344545
121727394,382527955
734145883,949943149
619264459,320759393
359536534,877861128
300188162,346054907
918303114,587056975
877351053,865474257
117900109,999485930
601767949,168880998
945665443,369933959
389238069,997125666
839460976,502507033
366518880,667975547
907086654,464680201
591041695,982468080
424251818,138868942
285173266,967858644
789003362,182824238
837811374,321623875
246116163,563533707
888843666,852231875
755212790,931708422
698383926,945399692
696350292,787453720
257093115,121206950
491900530,785744881
747085819,917457487
575783413,371676901
281854417,334366715
683114471,809397713
376470232,138195354
663639714,638779430
318348864,306073946
296886266,287002585
419574014,821541365
445820846,596332390
250966162,390738497
572022460,696216949
521943208,968590359
554397819,787949391
676819032,968598942
954800941,990153485
964173603,371676901
584906621,466101619
345655457,501751257
766128612,927410544
699089483,308785043
814442983,260460335
690035398,465227153
560406457,296690880
360280065,333128067
585926482,292246997
428080179,805419398
343079224,717228708
292591404,121821553
980736882,890181965
361203561,672332984
539002138,318303934
998004016,932023740
496881068,132477437
309036669,796368908
241390606,743116988
808479392,398305041
576814128,677010619
151937138,905059141
441960932,997125666
426533922,572089419
129614951,447826904
722950168,646284691
181527609,671567487
687328418,829009502
402135630,185620661
900486572,431811138
610680194,352997582
819723354,187564196
951448764,394106874
530305390,549129359
258517177,496572091
738930424,938483485
490175900,548353538
491852554,917902169
306002323,253166103
260694398,808759581
889543292,169459651
411351518,434999563
618211612,768477389
777068476,620222338
141897351,335356524
250934487,216598179
905067542,829009502
995756191,727859075
668685627,810961247
452791404,796368908
509572506,963970775
721965448,680587227
584874693,910321924
736951366,348055889
863405397,717090328
256246052,351494826
438781115,852231875
754913900,216253430
165391700,739652923
819135927,850282786
558826897,249532801
741829966,818585423
505768141,679484421
749126981,679785397
833316254,124431067
842370947,848262848
234751197,336774672
146518231,927164313
747514276,392927904
942599926,555044039
625394868,362834953
950471293,981713355
508680612,222857602
604169306,711289848
467292749,808933325
970632531,137680854
953071905,661129264
524889510,669900332
316129457,564818939
633196729,500022755
491374347,994778645
177232700,498972492
897878990,323829025
462690414,351999039
628971955,278923845
610417339,921212075
539501286,538196524
357380519,677010619
743248194,335374672
604745095,848262848
135176080,449504865
854970665,717228708
449576401,323829025
454848463,664222145
816912015,585366166
526415552,790140143
999726650,287002585
124624342,727369156
626582827,697904206
707681139,302713921
758287682,787453720
868668514,904252117
735527093,706332343
543160347,515726161
123950118,331106427
391247039,996623073
185006945,268538448
522254913,272312685
561636111,265695532
594454937,672332984
227680515,251987236
296576354,181163913
174572597,815248531
502015436,512810770
841251426,447908876
925612784,512810770
533889423,344708647
475439914,265213875
845471644,562296983
959248174,950624963
310349994,247293529
523475955,849209680
862706604,775133944
350206234,670342830
510488127,159950914
529354764,572056570
665695521,238391065
347512362,563304812
885030281,245065382
223835772,392622393
862580623,296725598
132493462,949943149
861114736,678016224
550167315,141896848
719520157,990153485
714980338,314259930
325530317,574058958
563804075,659217426
201618068,900618363
942820337,985130128
136223351,938483485
170449295,426561877
336620890,695278008
961728852,831627934
911895199,237859352
675082086,272150657
340335227,328380402
425448243,898404734
551136584,311101141
959152465,117155012
273484559,891781807
120196720,439191690
995897985,763583733
543863777,564918079
205190649,954767903
490031960,599235481
813487082,336705665
792259273,271681131
879503729,921790609
833946709,489145945
531133661,918972082
420095776,349104683
475834172,451132706
702402317,482582578
564130018,867329633
865739711,697542135
339473958,638932976
315484567,696018320
420995119,287002585
489615191,705212201
869534198,639996346
793450113,859940920
172926058,585884916
255716165,449692843
879840344,443900459
979426285,771425208
952619884,603624418
797159032,241975326
545463701,530104764
631474759,545269597
384142861,749056962
177356758,832992934
671843053,253419972
650714061,738239742
692177081,612825154
433932094,999695876
148289967,852962304
127379835,938483485
339489931,566673994
246217384,789382845
509103294,372514844
160744345,941146322
893991729,798742487
138243292,904252117
993852056,560271864
863065851,941405119
456863601,121206950
812001868,741621458
217804651,949943149
382399492,780973707
916776700,245563739
364808577,710141660
604450838,957729814
454554642,247293529
565023231,778517923
929609523,666191678
383455164,325900750
249451417,610545105
219520169,699089483
226906735,431083459
301546773,260007214
987616275,303151676
854590509,477386543
126037082,986982066
510797891,424798858
246098692,139907939
831388464,753666482
899155941,868755169
969839870,570898375
813203799,292050813
169031565,464907597
928010829,945665443
883052557,650339957
827877194,230731312
295604334,617022283
362230473,318598108
159774347,603361637
555592059,211927932
631171133,466101619
622098421,507848320
659039659,306837108
911107629,898404734
722218299,868755169
354321072,359070842
274759847,506232123
316129113,289244598
637608815,241390606
875914559,860583817
776948896,775868895
974038107,999695876
569692140,467734647
850700447,907086654
654329318,696216949
171773933,955663375
662320644,224575756
385305194,515944957
697022479,790140143
222881262,315484567
542558281,272312685
775433234,351266880
173838773,873908092
353523596,426533922
253307859,805419398
786185741,146447160
624792320,468349702
654603067,150713674
264230844,318598108
274704791,545386643
685358304,529352584
295139173,654813293
698688912,144265898
819084271,550540603
178341861,642284958
885553413,546892782
667952390,293377959
341771282,208545746
931490913,741733688
201761378,418439355
457985684,536837952
352621493,962895245
774342802,238410231
503466758,500022755
355568896,329862971
794260125,852231875
708583051,120151009
360764062,645295372
642470501,477223421
756065409,917218519
121213633,950210721
938816728,218577550
719962393,964173603
601867806,515660165
141268573,452098145
533559041,377455285
228732779,322743438
918063131,367195266
979450061,852878856
860046783,490392689
192417194,271681131
815574888,249532801
228525373,743248194
519070366,947238913
677619081,557755390
503794853,813139418
154809995,533889423
371365257,510488127
199021433,776411235
432651308,717803452
604046804,206357582
232789836,420995119
726861982,951558690
648126897,964173603
336094487,823843227
737606966,563683064
738442105,625611141
814397093,778677733
272155042,548658496
783431946,255716165
825234055,503423101
859029719,283096556
219040346,117900109
195082470,905059141
972660617,829113535
850608481,148289967
558963477,234163925
455207733,972167608
230110254,852962304
831459158,848262848
895528849,404488776
543005466,318598108
818189966,886678800
722483778,475031320
692331793,491374347
117776906,795114948
146860016,236938714
720214128,470161166
665063603,545463701
384223669,274952790
479738008,549189368
643177940,613555392
305281808,837606879
563062710,823238106
817632438,681001676
442741027,669781841
884905676,250098357
473650603,941146322
928960470,312010993
932688080,498677178
649856871,603669811
115067196,560081383
464626124,879840344
859453383,139907939
561433289,138758719
158183552,201618068
611748633,262471809
745374671,519441063
997887682,468629811
372397700,771244440
974244229,333128067
371659170,778677733
809044333,743600181
916845755,781113360
931874159,331106427
385023423,585588979
755231778,831627934
746749801,253529857
240921277,507712054
306296197,152954172
154712144,410449087
330482557,644229431
932940994,268538448
884213791,498957457
226371834,954751127
818324226,487775227
991101274,166434724
729241981,793450113
474376265,788395441
552662931,339473958
630423390,803091476
691326872,702402317
520740431,953356189
822430038,191896430
260667560,289768056
475446180,195508602
918401437,619608442
175149498,321954520
949416074,717090328
543636026,473755917
881769106,727369156
318375613,805419398
150934807,335374672
198127627,375991094
479695291,813487082
971269524,658764751
714491229,908851343
247032766,151937138
306853947,122648031
835656360,321954520
906162347,881902434
789288818,715203307
874692930,222857602
988264374,558778330
133727117,734673283
632615997,940910007
464639701,300697254
826980429,889769551
367474587,687328418
200509010,377455285
235501796,347582724
902906362,377273947
812339656,735080883
319566476,868930588
229335932,503423101
639923244,220872337
236305509,281854417
311719643,389238069
463182405,873919936
784849005,789382845
419479521,663639714
804072345,950210721
808832580,738930424
189736942,826765723
775940473,776087423
659091573,851365745
938674074,861841481
594874844,852231875
320345899,238410231
818711479,950471293
398939914,752670779
696398948,796657320
682563717,325900750
790128319,917457487
409044729,498972492
588069035,947827007
566727328,281854417
282445380,845796187
629872424,774953833
388736824,715420499
670499931,884487865
559590479,426533922
156675052,506400287
152807968,120151009
340590329,985421892
668017225,994778645
588932357,356137388
456816347,274500815
604503437,160171451
938870341,960688448
178936966,915818163
935777184,710559687
413853271,839460976
151213231,179012955
554731960,606349815
922880837,492003110
937265194,411351518
656073300,253903047
638680750,219998352
625016784,173175118
188525652,670342830
461838160,646361120
836024916,999485930
665602034,485059048
198910392,213969073
492758886,663594931
662066683,630900851
864705472,411715600
770045068,473413329
664643785,407618265
826374934,599649293
568024783,443900459
972905848,339717497
851577943,534828055
130307504,320759393
774921143,489615191
373152404,429135460
354420167,392664848
746913094,356902953
356831665,237859352
541900557,674848937
547913953,871739538
741635151,970632531
574752042,443900459
289660457,788395441
777748647,808479392
146744623,810913610
456203394,218577550
749306239,357380519
420926557,404169788
453691209,644999654
644976661,420095776
670050684,950210721
731995372,153049529
785260357,599022408
997608886,566403791
830507909,952619884
931167779,804358914
579233513,234163925
782760581,377273947
741748710,731234661
361741902,642061950
249527892,256246052
502861118,597510132
755107347,891781807
185813077,614805106
163961475,696350292
821125495,514505841
372247432,989911335
439506258,795114948
586495439,961561701
805919619,399114865
812515611,798449726
534006037,519441063
894505819,905230356
941634721,696018320
852096518,383484292
170169084,445820846
627919970,320767177
873638308,498903311
426448177,886561532
601347643,662978337
188348888,182824238
981354620,463970225
447746327,517786817
899432681,494008546
341365155,702870969
665133749,398305041
366343974,630555393
976680614,411351518
332048907,986090507
297187131,467708310
431120456,870996338
414674118,555044039
555135916,687328418
421099837,447826904
618963001,739387394
702709976,706332343
306880581,275524072
296778489,889855369
818294319,509572506
720250052,779996244
138160008,289768056
276429475,130002286
314029647,855664825
852589948,996110160
138732663,504227140
933812029,387995679
312122396,619264459
210723116,700871032
636753759,844989061
868130415,886241801
597812353,655512892
233839268,333009788
683263401,421180437
517531078,404488776
170135318,404169788
527751927,426561877
461455689,540875198
605388134,926104048
130382285,504227140
670272841,891781807
811088135,343257421
447740412,130002286
623232308,292999566
630215508,669888136
833886623,761534124
848877183,249527892
220596838,295538073
627494955,549277747
702336555,954987683
446644605,877351053
992749948,865857497
803705678,741748710
439797447,453691209
196737420,209759310
630280173,433888947
528241596,117594686
697004155,872181336
590889846,854590509
260603471,689420006
472343638,482236108
889054562,562949955
158788162,847808692
545139046,477190879
369295988,366518880
913909313,815911978
751394140,905230356
859178566,121213633
605309785,119633058
309311652,371365257
465290461,636753759
913476250,122648031
909544438,290214736
702634189,371928039
575817748,804072345
611792788,759191307
468496823,793336858
327102587,122672744
500008297,372247432
528104303,218140241
352834618,382527955
998237925,450852388
937467500,964173603
936287016,948942202
966843083,620222338
258102602,283890119
658035780,533567702
624739443,377618848
163460476,950624963
115509597,428080179
857085394,305793466
459765088,462338957
367919091,952619884
546888426,683730970
933865596,424251818
781430971,995863931
848462393,831943790
907055302,632257160
624243250,826374934
710174986,918401437
539698609,247293529
752680450,852096518
643969568,464639701
395207572,501751723
721338164,707514982
589715255,477725464
916574436,971990265
727665332,392664848
492734781,119642362
641627702,515660165
397598888,692177081
974596022,786185741
775438316,550462752
618756964,555592059
150561778,965678624
548957446,626582827
785559818,862580623
682005294,598176180
550367040,991154137
194145789,428080179
259392908,371802022
427054608,514505841
866570981,798678963
688401721,748606704
276404355,669781841
323433426,990437739
876840211,315159614
294412891,743476291
282681203,740498404
723395140,524889510
617869678,834128903
352498776,305281808
795581094,657878250
942668634,893310387
225119509,710559687
311544266,363762775
426716703,466481725
666439389,253903047
174979517,968598942
419013733,346112346
851722477,297187131
361742768,813074967
241000970,345939555
710374078,222857602
682211983,617935837
134391142,599988654
714942323,530104764
693049546,791007537
434175213,488331634
451095311,913298868
200208849,985421892
399228530,601917016
323616053,630547142
354245990,829009502
262324395,144567831
778129913,792259273
876172579,937265194
822120947,404169788
436426885,586539144
753583704,803102213
534497662,624251203
831585164,937265194
650514843,929609523
227560988,283814339
344184343,585884916
938890563,424251818
837162674,918315935
172479318,260460335
964957813,416423935
909306192,888843666
426055985,306880581
589967165,859840455
605489602,343079224
164679285,697022479
671975090,855036767
291749644,404907374
531684028,478192660
383625804,938870341
712790519,568574112
581833527,351266880
325883070,974038107
445324985,274971873
356144259,976680614
883537412,743016726
280861142,439191690
248875608,561433289
581670354,585926482
111191838,420906419
247161426,301660733
184969179,138160008
411057969,489113029
226789469,531133661
586121795,262140028
862695090,251840745
236942709,132493462
876260100,677619081
735737491,738442105
893578580,130107826
255281520,475446180
215163281,599649293
517946589,363762775
964040739,821144093
555272864,774861458
887946656,309036669
667144940,349104683
444262049,496572091
926363213,712116165
481075973,330280998
954284303,818294319
998530280,191946775
167845933,917457487
929472897,972343808
909493214,169838769
462368739,436290728
727461412,818189966
931633155,318598108
185538188,658764751
640976834,251840745
726635366,547874736
836360607,560406457
133734123,956192564
745746131,974038107
348818160,924809354
128024719,906162347
659783798,372397700
474620761,854970665
661265065,774651272
839291789,604745095
854727044,455207733
963636889,654329318
781223360,839460976
631970028,690035398
130147388,366012215
927542795,439506258
505762180,649856871
735278186,647111559
900475994,522259457
874627427,654064543
937345386,360011562
584974481,970925101
419925784,363762775
939191967,860433462
800889616,242929152
195382621,968361053
271516846,265769711
541936919,141268573
656155093,517786817
601775931,890055334
975213803,638932976
459935343,498957457
657285729,705605267
631440389,581400104
478262639,826980429
372607646,215534491
247497663,948463618
660498702,950471293
113140633,456203394
389299037,905059141
141609237,808263367
551698487,305793466
852984988,354420167
514992057,836024916
363598464,295330678
845468570,943128561
708614413,490392689
706367173,253166103
226595479,756539339
425432013,449576401
854453654,483162561
713687726,812664070
779102816,240189911
861207128,185620661
620070928,752258525
670239449,756065409
718527180,711289848
141714480,371937841
528519576,606349815
757613889,246116163
959779858,130307504
166802130,620555341
756301259,117776906
897499120,790128319
199043075,888843666
622460287,487590998
684825433,991154137
980728092,132493462
540908368,422441945
519489186,943128561
454017863,316758859
295833320,501751257
207913295,443657143
449398707,562800856
709836623,999485930
765153720,599235481
342093457,986982066
591737869,616171348
890953541,565023231
556778719,734226185
521200642,975548339
664014739,473755917
956159681,306296197
931534336,732822576
557822190,187828404
750789848,722218299
299240319,568024783
454763513,852589948
635847886,538599582
431524167,762233435
751363996,683263401
325265644,655203663
279305502,394106874
390645855,543160347
673021204,399001756
344631351,999726650
540438619,189736942
411675381,654329318
599158240,886241801
819439402,352621493
890161968,823843227
871560005,251288744
597662576,514505841
600094085,368139259
943736201,385023423
939558238,699718449
604508072,295604334
323409912,991101274
776926673,289660457
691706037,547120088
457207751,818294319
357858878,182216295
466984339,119460797
824373596,232789836
654080391,219995864
344944196,136223351
158251282,328066353
888034404,986090507
161929642,202419383
162352919,367474587
115295605,315484567
483726784,383374723
851857696,810913610
201165683,710374078
530873692,438781115
456142144,727859075
324875628,797726987
749296670,515660165
384114712,802110948
417977508,531684028
516779417,824373596
651576353,964173603
763346564,979450061
969021214,477386543
344224338,800376495
662260797,776948896
174599148,224575756
787919162,570567279
639845799,283814339
292991712,236938714
654747186,301543599
894800529,330280998
352329000,823986367
804991910,593816865
372321257,604046804
542634481,740464703
266588413,884905676
585503172,291342682
732191867,729241981
709834875,624467407
639068964,641627702
921429469,986780724
150553955,119460797
133466843,233894205
590098930,732822576
767750605,994778645
231110162,127379835
499689604,621291253
461216175,347809491
687193849,314259930
271159721,485059048
293247925,175149498
328192514,380574976
863937102,763660972
828342891,630215508
907681578,119633058
117061591,869534198
774439928,443279696
661132853,723395140
417425026,378944923
887016026,698593007
418030994,824596015
484467038,201761378
876279138,557130295
399095406,459765088
654511753,822120947
938593659,392927904
338795892,865857497
503570441,336094487
669294970,993171452
576303678,741388796
159289047,426533922
794964383,219991744
367527067,999034802
787625788,489218670
130276248,377455285
965896728,884487865
982659433,956159681
752091643,491197925
552505298,887946656
900188060,856541895
588985446,294412891
129016345,201761378
596843380,361742768
244602219,605388134
271573835,196616456
589363714,696350292
981271930,315484567
567885764,728489536
833658311,979135084
980273851,330280998
774784371,552662931
984145860,500008297
928957325,699175453
768259638,949444650
455063224,386090216
147949058,662066683
226169355,727859075
510130839,766489739
692132306,213751871
783718050,150713674
290169182,426561877
641565006,492003110
856705473,596332390
512023691,489564089
241030895,999726650
523003494,464639701
828319295,115509597
245003057,166569776
245311278,681174482
416478602,639252378
680213996,546892782
682866466,528056848
895980334,162188398
913396093,588069035
834559932,464639701
570185555,451132706
900931099,785559818
204318066,459935343
618257395,454848463
822304839,522292224
425890499,964110332
789821533,424744689
891123961,292050813
899874853,362649196
719803604,339473958
385958914,638779430
968084651,121213633
721357468,182824238
781226138,722144002
519773419,449692843
552561389,572022460
522013213,499294521
795168609,232789836
928932529,427054608
320866593,182216295
260767543,541936919
682679020,451095311
146399040,829583520
875799072,775238146
985382943,696398948
393035381,998237925
897750607,195382621
703217709,733619511
995547649,741635151
578911011,499189233
166287069,727859075
722367430,617869678
895460320,957729814
673169505,975701606
217252769,138758719
232534498,818294319
577059713,514505841
457693686,789003362
674249091,272150657
321707333,704684579
674136388,586539144
240728515,899443825
486490271,383625804
289426270,841277331
851796522,974247127
968586855,771232061
574929975,545139046
452744190,586495439
662259203,150561778
997276383,666439389
234508763,643177940
698773342,156675052
455457349,808263367
295000311,808479392
148743326,333545122
317953735,465227153
838563239,189234227
738494736,506894495
772484204,855036767
862347985,430520815
527194504,260694398
307007381,934711170
605534789,738442105
588121261,290214736
558560494,749538006
814892775,393577058
995633147,314426257
793569439,712790519
809946282,522292224
603518083,899734195
596242571,552620481
763632999,613265581
330250640,372247432
215519256,937467500
369472998,726535575
241562454,478262639
528201312,164836386
416628097,146958613
578175995,996110160
536107227,705605267
625781400,630547142
690530256,151937138
556823347,763660972
183586495,746913094
183431786,262471809
575826518,152952055
877362985,299240319
815741804,505990352
679464010,506894495
521984999,123950118
213391844,382399492
593915009,185006945
795150191,701501434
356463484,285173266
680721950,428105716
263903011,697004155
666061254,369033225
487542693,664014739
299288021,720214128
602995800,677010619
351683484,505768141
547691580,956159681
799353666,235501796
958138754,242293816
363242274,369295988
775348463,909306192
516745719,365167097
454741583,996110160
120809312,354245990
304196971,234508763
598693823,380634518
919281924,862347985
413064649,555135916
524707205,385305194
206538853,389238069
597231140,779102816
764310922,335374672
944692858,641360612
513459909,141896848
131014815,559053748
175609532,448890362
867253358,682900331
327439878,499189233
146591148,128024719
906890624,443900459
388769999,292999566
906209147,849209680
953131997,268538448
627381590,646284691
687815024,748998929
595561122,345655457
905943223,325265644
951711243,495443864
986933792,320231139
926645130,282681203
877291975,878672449
996120245,664643785
482986311,296690880
796391835,541942070
517656604,172926058
148381200,706332343
521757082,967858644
801853275,976988154
627363995,397598888
524774378,164679285
949724593,941768789
766690106,970632531
951236448,425890499
608944154,329862971
740802673,144031989
426669122,336705665
705773669,139907939
571913307,797159032
632241406,545116383
213289344,478262639
144066388,387995679
493926807,815911978
698951091,766128612
558524739,844291018
817503700,458679435
414309920,680721950
143196141,187564196
552505292,187564196
293212419,519441063
511057445,215519256
254553292,795150191
804767500,232789836
409557691,656073300
749916781,564998396
877625562,871739538
955045017,274704791
847847500,650514843
603142572,683730970
483116784,963970775
676634301,916776700
525639673,995897985
637779441,289660457
142972096,446448882
235848438,749306239
683055433,336094487
532839785,783718050
256078490,914472279
466125323,283890119
752423742,377273947
338706509,371659170
955723733,995633147
137206707,791007537
559181526,454763513
762393608,446644605
349407683,152954172
121741911,972343808
612252167,289768056
464486267,738239742
519577423,855145812
297133449,479738008
111192350,241562454
447752478,170169084
577695036,733630196
118219696,997276383
953171695,717803452
838489329,780973707
607652678,808759581
618720833,722218299
623246210,753666482
756659623,714980338
179105987,596242571
606098247,464626124
128901954,169978154
573750488,679464010
247099243,318185064
831957592,749538006
373774721,697004155
829488051,870996338
363835808,740498404
947600361,747085819
283952322,980052722
932697496,201165683
225044399,548353538
991578695,265695532
670615494,720214128
858531911,961561701
247805871,931183054
186584463,771244440
222286790,986982066
529200294,165391700
790142702,943736201
579216177,377618848
710371582,187564196
425286584,639068964
216164473,871560005
419479152,315159614
939367542,667975547
366020674,534006037
304595624,380574976
635062628,736951366
971104526,534786962
130480120,774439928
701327042,250966162
488602922,949444650
887371014,666439389
464198147,974244229
923262888,781223360
835157900,594874844
115226227,216598179
167919031,290169182
668695363,309311652
226671526,834559932
470322879,617022283
298382952,570567279
114843974,999695876
701064528,122672744
220778870,238391065
822188874,563683064
655226854,973069637
941988518,252771950
281949159,790140143
957994366,299240319
768455235,797882521
927669768,922880837
392676933,481075973
365501256,517946589
635078964,492758886
923676737,520740431
478891279,631474759
975667455,597285423
411224733,481075973
973167273,494487821
947565027,166287069
515073843,875799072
787763157,614094321
374755250,741397487
652540074,552505298
230932862,150902023
515828570,416628097
927725452,627919970
483283875,541958772
125979894,366343974
362550603,189736942
359348524,998530280
519562877,831388464
140338300,918315935
563896434,398305041
177111039,877351053
698665618,654429290
621035135,148743326
193292722,547691580
411725255,455063224
278136083,271827095
860177987,504227140
463360503,568574112
855804588,489218670
646069364,662638612
479194697,953171695
690732046,881769106
653937887,768259638
976707217,993852056
317039029,771244440
689842041,569692140
347323152,707514982
966589490,655203663
475245819,146744623
935687844,198490956
844576457,371937841
387732793,166287069
273922826,787625788
214426178,355568896
932056825,575817748
504251765,635847886
927490060,232055500
647162350,828319295
925330776,942599926
639043297,702336555
312512212,218577550
772254649,926144922
423565235,458679435
466218877,170135318
569485796,723527339
563917368,630215508
508785128,723527339
462876963,959779858
406901592,458779351
529279210,791007537
463726783,150902023
198069480,598424507
894625592,710559687
632922149,595540093
680118499,510797891
953440988,373283585
205098439,682679020
308167975,371937841
654634661,667975547
600593903,598693823
490443795,540875198
660582634,916845755
234184417,900931099
572198940,968590359
189117194,117900109
675523616,562800856
186451932,499189233
576732071,367195266
490638422,951558690
463752033,347582724
139885147,819439402
307473498,564998396
535196165,616566620
668752813,659217426
670531128,201165683
375926844,429683459
166904852,782760581
347901178,669781841
936968045,640432122
960328612,336705665
490238702,642067432
518385995,253419972
514507007,281949159
448785906,699175453
699064479,146518231
734399448,530104764
239849465,822304839
762944646,770045068
639964226,419479521
293829056,766172323
630733786,283952322
272055832,551698487
118582170,188348888
691242283,206357582
455868124,152954172
874228690,865474257
337057529,756105925
643561838,482236108
541386618,341916030
452656416,308638975
467413372,464626124
989344110,338706509
379305427,506894495
495026285,665695521
884747435,926104048
908452709,577059713
649582926,556778719
331763816,964040739
506242363,295139173
912553455,491197925
838341201,540438619
597352157,597510132
555604489,705605267
578777105,745374671
544718766,301660733
820094851,155544299
879180501,399759786
612680708,664871057
171747653,377618848
841416961,504227140
472276390,349104683
508642475,849209680
435696044,120809312
873731966,354321072
443104390,570898375
517571723,899155941
912028670,755107347
532077866,407618265
824130619,329862971
188201876,624243250
640146756,219998352
285083426,241597185
482016786,698593007
265835398,867436449
979424209,319566476
733770805,165901126
838131060,306073946
677596937,857536908
971415333,482582578
159190704,281933811
246815530,674848937
369230838,442741027
748370685,565776936
508670672,766690106
652706469,284729433
996584435,712790519
888423927,206229979
584155908,387995679
382277285,727461412
712059646,777748647
155730323,724827557
926677065,957768981
710548403,466101619
216340733,130307504
575074317,624467407
842176868,284729433
169021571,618257395
962271919,391247039
228146441,597961434
754234674,418561441
342376180,349104683
455536476,831300227
877316571,306296197
791115063,492734781
184847062,247099243
176107229,991101274
116757925,584897285
237182301,464198147
601042330,598424507
340317380,498903311
970578514,336705665
451474253,721338164
664061073,506400287
715702500,789592835
436285620,926645130
805175735,972905848
638115273,625016784
582441659,624243250
472922912,828155182
336648117,363835808
958259026,579216177
291266605,839460976
264746886,550462752
658314866,729067669
206328579,666061254
402887549,772951603
125782011,886241801
447943909,205333358
333136842,254129840
774715732,192417194
881248734,953440988
737360764,143196141
667771394,650514843
442264391,779135837
141596006,419479152
578618617,763346564
146978653,125979894
810968031,927669768
710084800,645295372
942676389,163961475
307084560,699175453
552686987,917218519
200893889,724827557
991489042,200509010
115203693,457693686
530763734,960452593
585003482,921212075
790941238,662066683
251431801,247293529
948849959,195479248
793336091,146447160
783932636,766172323
685377537,666061254
910847252,325530317
126050189,749916781
667435163,399095406
346579776,667144940
901094461,796657320
764075399,863593659
293804511,611594614
764807638,453691209
392984211,568024783
998795760,244602219
366972320,844989061
131099584,115226227
752073228,642061950
908060773,475439914
938735256,360764062
158527060,340335227
869893343,883139505
919389919,810913610
857077134,302437138
607258653,477148420
771263184,746903291
946930757,990437739
382452903,361741902
710568318,497735999
677750115,490443795
161176562,280861142
510339191,776948896
533102529,352997582
974583775,513126653
799097175,292050813
838779929,908552405
169756511,211927932
121965637,137374241
253370855,931167779
162929792,331249878
287714174,336294371
760262506,150561778
831324702,362230473
562847913,887371014
465466699,285525711
535941314,662638612
975972743,184969179
770354314,879503729
460805608,508785128
513835383,458779351
987375696,445101892
246369456,318375613
366076510,579233513
271853859,605388134
961634466,937265194
984670437,226830281
714963846,426055985
403280005,146029415
787593751,796066273
398549011,467413372
831335421,734145883
262660400,251971132
826142342,865474257
268709330,232534498
825209393,771425208
663263675,464176719
763742962,260007214
575504847,953131997
759118762,138899140
421077209,819650935
697626200,922688114
134577475,932998208
779185960,293247925
413408232,698856831
147346101,650889385
237257140,986780724
713993461,794260125
364604035,753583704
900972347,819439402
617931994,940077636
897253165,687815024
645330662,185813077
733603471,506242363
792210266,954767903
446193272,525438800
615719758,333009788
344487255,253419972
637796212,660948344
614911601,517531078
895989172,135671162
187904351,897218296
583652080,374755250
140823089,790128319
271197099,692177081
567495129,698773342
878376090,306073946
243509111,375533698
134437800,428105716
725409060,557822190
135731745,123950118
389866909,677596937
311268448,418561441
442370341,330250640
521382883,956159681
722280865,417276896
298869856,463182405
586465416,508785128
905119625,665695521
200320983,492734781
818212272,800889616
883671920,414674118
852370275,426716703
406423748,599988654
274897860,656073300
511702394,299240319
463744642,194145789
424495342,952619884
271909080,466218877
340224518,722214800
313625806,240542291
566061270,237389757
917673259,953171695
518861396,498903311
352864873,332048907
497821303,529200294
382050927,262140028
496389370,764075399
365440742,783063416
589362525,246217384
989579614,512023691
209071402,399114865
993924541,242929152
649414219,271516846
417877261,896269288
915208293,483283875
709105470,973167273
307739145,975474439
912172068,143196141
318480457,921429469
409070916,618756964
512159044,367919091
133086808,248364346
381096431,650257367
462324719,816912015
814422413,992749948
292938444,148289967
225352571,716551074
551955982,496881068
279916204,890953541
717070255,523515274
572322674,951558690
501941009,354321072
828506869,772484204
507307166,873731966
338580016,661301150
929117944,653937887
203676055,216340733
408702738,585366166
236267801,219040346
869759216,679834289
821207548,928010829
992375157,558855063
855761273,670050684
185247335,260694398
618686343,294266062
286377747,658764751
944131349,702362799
184794799,683114471
136075197,473413329
254160289,524774378
647285710,618720833
608461914,631474759
983407753,585884916
413412340,372397700
618599609,467708310
171460575,253166103
828343210,183586495
268726750,262660400
261762302,314208955
726676140,710371582
522686906,146860016
464377365,438781115
121744758,217804651
794339349,138732663
628294384,834132714
358445633,909133650
225756005,465290461
