User_id,Engage+React_Score
672702,0.2811772252252867
474227,0.27633640313948754
587566,0.22612520075164844
483543,0.28113045897516753
394103,0.09097939431790562
866330,0.18541415628215843
537720,0.21981539312287893
993508,0.19087993052493296
695586,0.1708527116037119
391533,0.21114192783990876
884135,0.21054738797786907
386018,0.1582499784176674
275395,0.058343878694142974
715640,0.19522176827058316
517595,0.29403545442649687
848006,0.3
945861,0.22114076248684475
937222,0.23004941755417163
552361,0.20250002286671656
717039,0.14993667898433483
485673,0.26688958017014064
635537,0.24249968589677212
575965,0.16334572925337157
428655,0.2955430365858713
589484,0.21093691728338396
469342,0.2824753968717017
925025,0.24106829954039882
428588,0.2041920479378308
476754,0.13205228683597214
400938,0.1675536739876583
775358,0.2126771276840335
141531,0.14464605381437068
161027,0.09755863484476503
715764,0.16445066478616002
781866,0.11425181731365848
821109,0.211480418687435
697079,0.25541329220070585
585116,0.26582567828593434
687041,0.14377045112494408
948721,0.10490738294848834
819950,0.12126265701723773
559763,0.15904372142884185
676277,0.11553696457212302
326558,0.13666264360483998
442951,0.04536529441868286
122680,0.15371773738598285
650485,0.17550748616267361
528216,0.15900978594246015
141770,0.07140724555176092
115703,0.1668712966821841
451532,0.14341634277364265
204898,0.13282661068478505
662899,0.1744180149724228
921629,0.13453027533325854
573270,0.17811609489001612
915062,0.2203467809226216
969609,0.20223084993475068
965368,0.1839949574709787
817185,0.17780497765351427
530725,0.1495961893073167
262830,0.19433406928316074
521787,0.09667006680330699
184496,0.18274008975470898
581262,0.2193107430378202
196838,0.19900152506235863
454840,0.21275573976174525
516280,0.2065961184995424
844369,0.14537713023842197
143795,0.20341918613528479
423708,0.15599072291307234
807917,0.1820963156488639
739698,0.16463693802533838
286227,0.17482023585404935
605314,0.1378902906681206
369635,0.16266826922653968
502475,0.09127966458735132
981878,0.1887724478540243
776332,0.18282262098226207
187470,0.08916582094104475
872362,0.20282941358942932
698284,0.15111064300275504
630595,0.09087371330983185
371850,0.11982937825722798
746200,0.23495856583673122
280404,0.20533828296423903
977126,0.13882094545580978
387828,0.2070262063233119
529111,0.20348151581440024
667654,0.1987907525628477
451416,0.24016538177497734
505472,0.24129663143179977
466531,0.17782745167382843
738571,0.16870646032648784
306222,0.23995886294496754
854563,0.08212828382077243
776485,0.1309274805667509
382867,0.21256085856912393
196644,0.16212732243311548
736802,0.1998830912553318
495677,0.2104812805160932
924939,0.16034115703378446
132940,0.19622068188748373
637733,0.17597603951074128
517672,0.20795631382002638
833433,0.18391624858873543
973580,0.2083707035411884
478278,0.16136026993122685
706084,0.10763072395338816
523346,0.1496405217366642
737606,0.08505498562636359
711657,0.24502763369333586
458905,0.040161712019488024
804255,0.10933623427326987
782219,0.026060754133131078
404691,0.10413648673750889
706549,0.16439755797544678
608837,0.20846620900096355
707038,0.05621565610713977
922261,0.1839292498680021
623520,0.22127578675981216
121188,0.21649592492955294
402299,0.09683731938329934
229752,0.12298832910806684
925110,0.15666904991903643
624523,0.15544887130857926
914605,0.18408813018529577
741911,0.07822485511228748
801766,0.12976373915186395
442474,0.1621419436143498
960552,0.12146286888669727
575243,0.14565643132324596
581603,0.16277764939400688
291784,0.17010093513069113
776522,0.08385895966087968
800337,0.15808182966741738
279345,0.14017856288981523
158121,0.13863691659712726
596136,0.23076294627688382
552901,0.22311991813777007
975501,0.13344682478989076
381491,0.0866528028116912
448099,0.11516766337165321
729430,0.17965121231486236
561062,0.23897178299578406
284776,0.15500293926108266
874103,0.1203321483302412
179623,0.08426546874025471
617211,0.1439190010627372
718196,0.18323040869426752
519940,0.07404713203335898
622059,0.16198940799715886
613436,0.086636661360566
861864,0.19173769619453446
112270,0.189046702486152
621877,0.052889799915843624
273301,0.22592493356638085
208722,0.15615682663765793
676817,0.04918686753011139
268977,0.1918664958992823
906378,0.144620950633206
208433,0.18686201719011766
257680,0.2011062506169569
758661,0.2016809636504351
290214,0.15700827609448278
281393,0.14523195704316877
277461,0.17208632967686635
606253,0.1327167767401758
738818,0.09673548120830301
523278,0.10832224045681534
856885,0.15572309300935774
888662,0.1432029479844516
803362,0.15099407533894746
653177,0.15348393570677374
441766,0.1927546960516782
206592,0.21287892196215108
850055,0.20494228309731502
193931,0.10710610818557258
866991,0.1292664566928834
134313,0.19848278976067255
524484,0.1643971225229509
660204,0.17577245759308166
345488,0.14022859698271553
997240,0.15678643127941982
803290,0.1336529824339984
753504,0.09480866408988071
357897,0.13417786322827843
126622,0.16898721829071153
427788,0.11225822770428734
664234,0.06598610834436415
987123,0.14899638482053076
682562,0.16334741007625267
335675,0.17682373975959645
427505,0.12769731222535358
613101,0.15324873002251374
178697,0.10146647198222336
912776,0.10708931753074952
322073,0.15377962483615173
631071,0.17111437718745343
852740,0.064034763577566
809776,0.08839620704448582
803207,0.12361433745375305
253917,0.1926042379483036
854783,0.1846969363624207
622947,0.09955081573764595
689323,0.14452391604516948
197702,0.10889194844035106
581763,0.09992970179393093
773292,0.10135421377867551
288877,0.15848862921223714
628113,0.18799140595390018
876782,0.19052304020769212
409173,0.1853884059894788
992773,0.16263536919146523
980289,0.15284184088949881
332859,0.13925989379131518
229479,0.16372708692968377
523927,0.1628009453064003
704942,0.20582908826877014
696909,0.13889182465153116
922557,0.15205672379660515
812696,0.030519231665419696
451730,0.1262772553490125
583710,0.26205184901983564
743089,0.1513564795770032
125681,0.1274923387862178
589085,0.17325608660039427
893017,0.16937486825073483
704482,0.1428001231253653
350288,0.07077318701318273
680739,0.0976547137067552
945077,0.11996170880918595
788386,0.17730589163477964
794930,0.10468157784324476
606925,0.19717990987563092
531045,0.19997258687888345
949696,0.14605824688973298
184588,0.14926892527227867
269873,0.15342214594047054
667285,0.10076552805382584
676479,0.16853639044742472
560974,0.108231987106318
863276,0.18557545758218832
386656,0.12866673535352188
189860,0.22696450757810685
832585,0.07882627694141624
784773,0.19163392392126155
272842,0.13137086092633854
929438,0.14257682639788308
581433,0.16434672291632882
407176,0.11643901753026449
262448,0.14999216393049733
753056,0.114168937666035
977416,0.172880192716471
831928,0.12001850886291607
216612,0.06117031863555855
963764,0.09795438196197007
341260,0.09463413563774314
809737,0.15095858882569652
688584,0.12224220871802215
900853,0.1743416173030634
719014,0.09131479722623219
226362,0.16663270408248881
211535,0.04747327424349617
761768,0.14528189988414417
190263,0.15538480198923588
484651,0.1483821513660105
157910,0.14853571746971098
634450,0.13232832717005258
501044,0.08251186301339182
284825,0.02849036307016201
968822,0.08580782652283307
691453,0.08731754843331822
970835,0.022441683171559673
220625,0.12452705282408076
813160,0.11315341981006949
656557,0.1311388422194302
116644,0.0047806643866612495
575326,0.16497737458423611
153951,0.10719615568899978
882788,0.18019979670733327
341446,0.15965678894669066
623874,0.15303153452324486
403912,0.16382288786666308
982219,0.1236820777932866
862180,0.1209627630329142
917186,0.16107002999451928
677219,0.10084122664380564
518670,0.10258841536273579
305968,0.06261640137790814
888329,0.046157477379649835
805951,0.0830861362887182
597350,0.08389370228320854
760146,0.1513069970970834
695669,0.09906226843380146
898571,0.1784347522157416
824983,0.09253526001583093
381310,0.10345888109416342
737328,0.09954929453154641
539147,0.1498777188760915
555187,0.11378721644227942
420643,0.11180183255420556
919982,0.1355422455484937
239824,0.13515106963182308
852432,0.07359034040293598
673788,0.10309244621579962
198856,0.11721972398924949
716326,0.08443653840414658
680449,0.19492015945592464
609062,0.10800943586176498
848645,0.11326229214968798
776192,0.15019273230277017
288660,0.1469891991311718
497130,0.09338213392364654
360177,0.08585923587305933
127570,0.09750303356851255
520707,0.12476324833847637
450752,0.088277998729808
831188,0.16919508635576902
738894,0.05247641219793057
451246,0.08860276240563283
647785,0.09566121780662931
180856,0.11963005033316394
278205,0.14021306705277423
581660,0.1151798307325579
498895,0.10110744764425932
744500,0.13013364546109485
414969,0.15955897363049246
197073,0.17713308501464878
135314,0.1640085075814306
247436,0.0952619769024704
586900,0.11874007905129463
268967,0.10466092656882987
146785,0.09541655220916896
505477,0.13528152664589355
875028,0.1313292848318711
939020,0.13987736328663714
257081,0.08483318649765811
471315,0.1468597620936681
162891,0.09556683753715757
774841,0.1475846171020213
869153,0.10018318901669981
710765,0.08394175042432973
926411,0.1382229799598949
717122,0.13212771284509392
456686,0.1189704064948564
710296,0.11974830645847731
200555,0.10899753609896697
461441,0.17083520802737312
727767,0.11171624135525007
457942,0.09894345928881193
477998,0.16848161037511206
795918,0.10163323679490502
133815,0.1230823993596536
793972,0.09873963267241706
193551,0.1682060257982142
710566,0.08265249062055917
810076,0.056463709090082664
200283,0.07060803167550687
173647,0.12147607725936879
792170,0.05993867873016585
896013,0.13732030045711588
599201,0.12723807895969816
764645,0.08494017736574469
607832,0.10248436135599846
874058,0.14654398496151255
115262,0.1401189913304911
684157,0.17129233669354707
574829,0.07273019420531089
674035,0.030171380428906755
410484,0.0791687305286642
684412,0.17553132986291567
336410,0.14481874790579966
579931,0.16683345351052242
211326,0.16477917861784372
517051,0.043135793022640236
288581,0.055017625837973524
780577,0.13988332076600132
253803,0.08820937952308626
970623,0.12437625161728728
399839,0.12123339274042344
173711,0.11814236516116083
285411,0.05399389152094169
699089,0.05386271942637536
733409,0.09965553783908682
560994,0.06739811467100161
119972,0.13214788832414942
471081,0.1700508028575944
571193,0.14908624828122677
637434,0.08616005048806481
418843,0.05866062550936785
637059,0.18763475786538641
716447,0.06432804588802352
810814,0.15174906454194706
201195,0.08628247330489802
166526,0.18161082897440092
968200,0.142465962971981
170329,0.1356248447578182
764009,0.08968323248998836
947560,0.15002218787427002
363224,0.1706578330362826
278094,0.10398349490359693
722397,0.0761796859437996
200531,0.099862083142211
652852,0.11630623798074535
604777,0.1677220871963651
531488,0.033260872786949065
504890,0.14509013051520553
919415,0.11940656131350445
363361,0.1687100860502964
941835,0.12448000586467776
318763,0.08954963675767134
728440,0.15383930334197984
360851,0.1276644473184915
161342,0.033825598492322785
628034,0.07189886977129607
496786,0.103025727490422
157287,0.12639449407165304
331717,0.1310374528841213
544360,0.14758040608882927
665596,0.0852324826743685
763022,0.10964558810867546
885569,0.11598053367762072
548592,0.07486628178375639
407343,0.06465407205485722
530471,0.13760480705240855
638572,0.11850052916801651
570620,0.08078072921889815
224556,0.05343814184508387
279202,0.14137536149827098
865642,0.1050629158094174
158994,0.12942825209363518
140486,0.1282398928537292
547708,0.12469587543739069
895019,0.1515343996652014
324583,0.12663666143008254
454809,0.12923025158136647
111666,0.04414176907553672
469532,0.11282649089825925
927508,0.0777544042484728
833551,0.14980225026859229
901767,0.11543331857253
250471,0.07408248501306458
161891,0.10843066173892217
865118,0.1392147489559212
139574,0.05410072119022661
265590,0.13659531023960658
937414,0.05002116217840171
828390,0.08880886799094205
150406,0.11683801379917451
244794,0.14868713399012545
425447,0.13612397663811437
562961,0.11628038814854065
208650,0.12450937875458451
194976,0.0867027337184219
402163,0.05831778538935902
528929,0.12939516071399954
925777,0.14874233289672298
815556,0.13494245612187017
643657,0.15235663283482612
158219,0.07135227142231858
777092,0.062438270384716735
764500,0.11812706417406184
284378,0.1109967486387553
483488,0.11010163701546491
746620,0.04911117996603076
884991,0.09077916689604233
978253,0.09860177042601274
814588,0.06328920216178172
410566,0.19473897673088628
546170,0.09751419681272526
795534,0.04146579001290372
623600,0.14907893290500857
859927,0.13122062700603743
683596,0.16811394631692925
497145,0.1456423457212257
455895,0.10681671428321758
987094,0.10218266909665347
890454,0.11503626994604854
646270,0.06288192145465055
547467,0.06632787089245261
144377,0.16027756536425988
680155,0.11080485930733114
855569,0.09060382575122303
559717,0.0877222644521351
132535,0.15238529342596438
265207,0.10786335330329631
717831,0.13531976995244988
331608,0.11384956614203527
842334,0.11956145888023798
858784,0.1417905984999324
158919,0.12368766652164888
975023,0.14131247065846697
781250,0.07161355345717456
127577,0.14603334286442765
284533,0.12090690259228123
844573,0.11811035341414063
620790,0.17295140452856525
650086,0.12089100357276085
514395,0.1667445311840129
750940,0.08095991610784693
824238,0.041083066403201994
718824,0.04926014249967498
254110,0.16811555970545508
891489,0.08661323512845864
739271,0.08803066018167793
406013,0.14490662632515824
506989,0.09247640549594403
906303,0.10178427968652905
908505,0.063165085320719
426141,0.13431670328853715
582902,0.058115638368465325
162461,0.17437438899502175
695838,0.09495553112303824
384065,0.12375841700806331
729865,0.10683614919483846
869247,0.1622806948310161
181077,0.08291428085546167
425989,0.06356718937012658
136458,0.11095328815698274
969443,0.13512853669644348
186625,0.12658281792019394
493304,0.1575927838428308
491665,0.11721617377378932
776264,0.0978635528315395
702409,0.0893964384056673
524597,0.1566246477898085
914016,0.03582550814645084
219421,0.047084496664715134
357334,0.17216832818693675
369761,0.11832733934015242
165190,0.15462204353593334
827830,0.11443991469146463
634895,0.13145855200944118
646682,0.051349339820739644
268542,0.0536542294570371
117301,0.15115058343633642
497836,0.1279480239727069
146562,0.05596541746489468
516253,0.12735790036466296
820751,0.07961087144360747
253437,0.13442886594468165
835656,0.09378974070128263
117521,0.05745537439695628
452244,0.0789324682993652
530495,0.1733895559191468
314488,0.18427085052054962
374955,0.1368553336089396
234023,0.10530755096375674
199147,0.0766016287326903
387965,0.15133270817030983
346648,0.12443448532673132
550436,0.1292397991582372
235468,0.14391579754347647
237928,0.0675915946721794
919964,0.1912145758956481
458933,0.05463124001151518
438211,0.12185140911307539
357942,0.1731711989053802
688146,0.10689731760956148
600586,0.1656882541492422
921114,0.13907409127716497
813640,0.10426898870620396
346964,0.11463684240368677
569034,0.05731612550608076
839500,0.08212620963245285
756529,0.09091335148664802
937127,0.128063148835259
779200,0.17119184808824625
759520,0.13365156724294236
835511,0.062498609408995986
953453,0.10333112144091702
237713,0.16803667901352976
390338,0.14028572905209938
290230,0.11725926139114261
137543,0.09676379237715903
384775,0.15606703774130692
939434,0.15441658238853564
656775,0.10587444268105355
390167,0.1646456495225326
547495,0.1380174478952708
648585,0.048558548804458576
548643,0.1713843572141944
676216,0.22531007759154345
189161,0.10632930796644545
245216,0.052863932794206724
147381,0.1358785257311947
480191,0.202478002394725
520541,0.10455105465480163
749744,0.03690224291807786
641166,0.1364136006451578
874269,0.09724911005421008
863228,0.11508525081612662
652992,0.1294147236396016
649239,0.07492640390744057
140924,0.07833132186635795
477664,0.1645147416036437
506125,0.11794060776784478
138779,0.04654021534572547
724751,0.12350955625560593
409067,0.07170010230566487
927385,0.14637998625484008
892594,0.07572646985240669
568568,0.03108555256403359
489912,0.15015239022790167
241102,0.13340299065478767
803186,0.1037953357855433
145495,0.16319936539601862
910238,0.028149150258508292
449395,0.11651149558937687
913577,0.20336242301625268
302297,0.12904413359224706
436181,0.07655995538867029
589365,0.1659296825207386
630454,0.1898418960322026
844813,0.05065084164150115
190443,0.07086623390905449
509524,0.13567820317811904
493664,0.07851302593993552
156912,0.1038141236557547
133872,0.08321387750451885
880421,0.11961135332967646
650654,0.20038896936215048
917202,0.12729267021806986
788456,0.13114046378362743
772187,0.1524478535808283
476260,0.07880214452003015
686280,0.1314156281261134
564711,0.05696498108493106
899172,0.1597375400501276
645579,0.12911089409172175
711046,0.10077560837307722
810374,0.08633484536643428
919213,0.10678330360232936
846461,0.06420099246011783
192483,0.05976430120458674
141636,0.026685582046085544
610323,0.12617380468655584
768494,0.11625456006310908
894688,0.06856853114606531
341801,0.12459119681353968
457958,0.10435995990154566
979820,0.11926548803265163
997324,0.09395603658439418
512291,0.07461180138352286
529443,0.05880511648013974
171324,0.11455007981825935
537483,0.11927079625993903
535513,0.07904612937891227
368386,0.12982120193005314
198586,0.033309587947496964
446388,0.05221388505394724
589848,0.11849826742948677
480240,0.08554639354846225
569760,0.07932402779029772
542039,0.0893001871925532
550745,0.17452908255945274
277040,0.1322501785087082
591672,0.1643132527299949
837556,0.0853271578094366
794990,0.15217676827107082
547086,0.0796807848424264
989096,0.08226298527086894
744327,0.06034835910607803
668811,0.12614940502206426
547779,0.07587835243348712
393274,0.09948243914485157
631115,0.13011515964504905
305293,0.10271332318655112
948546,0.16466696924197066
354528,0.13589588862835197
777903,0.06325210938051483
440252,0.0557145307986512
311509,0.09960603288792681
765145,0.1331584766558309
272319,0.0873872307075781
966245,0.0
667286,0.07508853961309091
869106,0.10834640717971163
842747,0.03914780420601685
675984,0.12461766367377455
397471,0.09561660293214712
855826,0.20525424033465875
424308,0.10972067111420421
818832,0.08310145285006358
506616,0.1080665591659572
710143,0.11875128149806109
893335,0.05051019362230435
579947,0.05522848982239526
866675,0.1214500982689494
455686,0.17439670816492234
306919,0.03396811987605862
808506,0.1727897237454413
493441,0.10650700513794754
731565,0.1401105761715028
881998,0.11760235133476699
423952,0.17584947042211055
667215,0.06929063889395132
830472,0.08323710145780626
500449,0.092409180956639
720857,0.06267365282903659
518991,0.09623729920410809
442180,0.05909920987836229
755035,0.16899343419565566
342820,0.12704301004838323
488572,0.0804254365816467
846548,0.11358470831187281
737704,0.12156609778612795
219247,0.15768203187833935
987597,0.043522396672441295
330640,0.1567727810748081
127837,0.07457989930439944
824964,0.13660037351867071
886296,0.11253055845003353
301018,0.10568330434571886
229312,0.13951401230771399
768956,0.12965493375113618
984658,0.12312622597885517
486299,0.11666515248692484
896254,0.13108380685399576
123712,0.05961980746795348
877162,0.11142359991865582
276321,0.0874968537940923
916726,0.04022097729071177
590339,0.08078693528711854
577255,0.13795044168158188
335787,0.11386191787814558
831089,0.0851816608654162
420178,0.13251056173163964
885979,0.03503717791024117
133299,0.15421822562147416
139207,0.056084794029469795
364092,0.0
129049,0.057577654608941334
933502,0.11735001887414727
753737,0.11966898924476346
428937,0.10952176662211308
165857,0.08121585087613974
326414,0.12435526385994905
454425,0.10890942987852474
820107,0.048896594017260375
190760,0.07319979505688541
888973,0.11289697270625987
835663,0.06888403016030258
177794,0.028774384070429777
380367,0.0999182710481236
784981,0.0
812001,0.08522219258835595
841593,0.06690506497363662
112448,0.11162991160726413
191254,0.1297636682610368
803398,0.167857667646263
162521,0.10400545600672696
539662,0.15171524404285278
291810,0.12939475016262555
931187,0.09879895990179548
154953,0.08857308833778382
629727,0.18359864864479178
956157,0.08277610664989245
935010,0.059487755232590894
461238,0.058504010421594935
532373,0.20678751606816634
221283,0.16599775578950032
334502,0.10425370842374738
235423,0.1440710351488471
186763,0.1500084119611751
967078,0.11302934499555485
243998,0.17447751284494686
512690,0.096946710477534
229278,0.06126931617300248
626057,0.08487675783400937
348037,0.11380406005169634
605839,0.044424997330390736
194575,0.05750351619957102
910959,0.1149070942286826
325161,0.10141815031405171
746776,0.09113828077271983
403418,0.08549069852622529
739557,0.08866519094138585
355385,0.0868058840815575
810950,0.12105364659033596
975905,0.09304362101404522
409222,0.14741802506570112
800051,0.02603229404477815
201743,0.11622748740565789
433766,0.10138721937742377
511153,0.09504676954066964
343223,0.09532654673337404
671552,0.08901341207884352
485663,0.07021736487822298
502220,0.04369331282967658
989845,0.11493742655896058
724119,0.04708856929849888
707549,0.13380591867437247
172386,0.10716689692823844
687885,0.1221566100215825
147181,0.1647857204048997
328033,0.10315251336536706
932670,0.05589570269714712
333404,0.11324449872307753
939314,0.1368379985384419
180738,0.13115224548252183
158053,0.04640252346388914
954331,0.1499362121060954
662339,0.13088307779286942
433905,0.14257823402536018
718458,0.1782470424568778
478685,0.01976123955573664
758926,0.15773190510591314
689018,0.08404514128185384
957326,0.04552165709993023
908152,0.12759662491951637
702180,0.10011886339817609
944680,0.08546740265082682
638936,0.10648037606709089
258220,0.1372568137318361
561198,0.18578960382572252
372481,0.08103432436688902
537343,0.09612143285211115
336864,0.06470035606427417
191106,0.030725930060369274
155892,0.06710885179193775
456218,0.09960151870405642
590514,0.1397508015692854
483949,0.15704416560533666
631436,0.026685582046085544
126199,0.12206160609090115
404366,0.09793720947939526
131847,0.1726689108695886
328221,0.13422747823210682
816570,0.06500799498137871
934246,0.11600997445378244
716671,0.13324275317529
476267,0.13199305768275868
445778,0.17727813124924943
248129,0.07209085268921206
592809,0.09617854053248004
307055,0.12070426575768181
635670,0.004110626295775683
637435,0.06096758877076798
653854,0.09891385448750604
384315,0.12234037262910075
768303,0.14300203711623577
378080,0.08148360026195119
751011,0.08272039488520007
501592,0.05113809064097172
992045,0.05498668404801242
926730,0.14317059145335995
459105,0.08548503750254434
467376,0.14766700918658116
812335,0.09395857560279476
557413,0.13648973548257348
193194,0.08173333639396226
123937,0.11926467519475346
223932,0.101162517452922
292969,0.11842678931522306
360446,0.14686309288276486
718320,0.08641021500797297
224480,0.09709811737343836
722098,0.1167189972366581
721643,0.1115107267821004
946336,0.10541455919404577
998151,0.1425529050909398
977006,0.26477185477475795
469178,0.09454146141390052
438758,0.11408302511801142
417993,0.0997286875999565
535976,0.11804658359562147
156571,0.15805672776296775
904649,0.1130212014779377
256029,0.11182600744837115
653755,0.12182837302283735
298684,0.04944222667261818
942048,0.11836924167380118
542415,0.12561580536604586
724903,0.11723781003508303
385864,0.10172630420827448
701739,0.08912490935810011
329855,0.11560827597554324
588878,0.08755815422796197
280700,0.09157166397938302
397455,0.12581412145937823
533578,0.06271741967102064
908213,0.08019739415745344
319359,0.05623213456203784
524806,0.07329946765809503
312032,0.17838241739214586
342565,0.10041200977263776
500784,0.07627233611711273
136268,0.12792589917644231
329671,0.09836423885295452
153186,0.03175309576673978
904792,0.1367185599226485
576530,0.0506311181638819
924501,0.09255538689667801
706483,0.06954762653679909
922320,0.07078638894060982
462105,0.12441183732827321
538863,0.14157145470518434
466110,0.10134180587399022
648050,0.11105361790043604
988970,0.10526712647221777
278500,0.08623801750537798
125035,0.10933259129075704
212955,0.09073881700231894
208875,0.16321054081939906
209861,0.1511068094483839
469061,0.07416638551792834
829918,0.0883604482429535
427660,0.01644250518310273
555624,0.10907913366706364
938826,0.04658743977113846
277792,0.09635428258430342
862596,0.12787339028168196
699163,0.10699747226099396
952339,0.1409359003627161
137793,0.09738261962217618
768420,0.1473848672136294
403095,0.1185373392224117
583427,0.04986260482952352
432194,0.15784273487138345
723863,0.05530871359769916
410188,0.10979304773959338
426237,0.13383871806345385
360140,0.15305003390440564
240277,0.055533636382799345
510679,0.11398835077909779
746668,0.11736108875009073
544250,0.07673699480940453
129406,0.1850431880053306
369784,0.1351166052039126
176015,0.09945890418835379
901249,0.06385271154341751
358064,0.06184385840416006
317011,0.11371789386723567
178967,0.17822665442895905
269180,0.174072526641931
855398,0.15010540800464697
953788,0.08514320027674002
839249,0.09943557021151676
748874,0.09496175322459238
726131,0.06283257630236311
337274,0.025199676364514416
606585,0.16775885944925173
388720,0.11311158303951968
190169,0.12617212263743305
793054,0.16153552965220616
631277,0.07185128684544512
621103,0.11513346124257892
817320,0.15914010744184756
288240,0.09427934835284707
608880,0.03553166255059138
715412,0.05087429424292635
637376,0.10583852868384963
499612,0.03909893781390537
120898,0.08786680067537944
888022,0.17664897357606055
654065,0.042574412646470196
447443,0.1228446179436605
894827,0.03735516371712804
557559,0.1338690069917767
340693,0.1650601768949988
395709,0.11716148683139405
382027,0.07287285598994708
927855,0.10727630817121413
312809,0.10456070537574862
611446,0.13663777787401613
489045,0.11436364512771455
474982,0.05313196279210044
461950,0.07500553171636362
166620,0.07680962081917843
900322,0.17312133141191252
489193,0.038865122535898376
502474,0.13916399909553595
399223,0.07544151092878322
312245,0.13942388148163687
714382,0.04536558545650806
764001,0.07427571727083399
322989,0.004110626295775683
756182,0.10570927929020058
222411,0.11291912504475943
432288,0.1481850773810919
618308,0.11526973972572543
580747,0.1637856467868829
665700,0.14645123744428548
784444,0.06339434496298561
640698,0.07049160975542397
960092,0.14148567130915748
475999,0.15194022559741358
810270,0.12806858942372695
180684,0.09178798888425184
857340,0.13609354453339792
140013,0.1180333415533061
398773,0.05597592624745857
367822,0.0978285386927935
123374,0.12798466248336496
794688,0.15357891048302066
576852,0.10892195766752788
727622,0.23745744988028963
325110,0.08651263917310584
806064,0.07262357708963198
560706,0.04501663892186954
409496,0.1272591923832467
434747,0.0902394219305834
998987,0.08394344973425043
237866,0.2072719848963624
141493,0.08223642387777103
533281,0.12015557255152035
827218,0.12400414416938883
453786,0.23690800664901543
507051,0.13335224326315875
126700,0.09672746819795384
844424,0.15147509652778918
647678,0.12952705356729374
403695,0.01776583127529569
927836,0.10353878402311735
466074,0.18796648438346206
245445,0.07760885446579704
466338,0.1500494758474486
989396,0.08982829374819602
188948,0.07395413827752231
509710,0.1365207934740733
215829,0.0895409237513449
603800,0.06457417300241355
495328,0.07650012338867264
944093,0.0
972719,0.08376755469778176
801538,0.14475385963035323
802655,0.08400469381380472
929920,0.19478266797601
538082,0.11932895968681909
353145,0.1337059187050203
908749,0.12262379270192551
405064,0.15320577761511564
473760,0.095402725347898
669714,0.0961537891182818
602104,0.09298637722180632
347208,0.0540704703218076
737423,0.118596014148962
820392,0.04654021534572547
238618,0.11851573874792579
190656,0.08943558772540167
393631,0.10936415792605148
917872,0.079841710892369
891091,0.10363774226786553
386878,0.11292558598389309
176980,0.10029319070967047
657492,0.0892855646088381
774016,0.0641682445013456
257791,0.12630201762319285
236006,0.07992347355950645
958491,0.14005216657896233
129940,0.07044623514240264
112262,0.059477198668387736
150762,0.08264026159406901
117096,0.1727425090514374
873723,0.0760963936371015
425871,0.15381314563845624
374204,0.0888541734440786
888092,0.14416621661866652
659622,0.09637260849982658
712358,0.100314895634616
180969,0.13352736368890114
538693,0.06249008627757885
524359,0.06135032673684362
751309,0.13527498328217644
113209,0.11988235960218133
262597,0.12363160490344696
574362,0.13180119647742128
844847,0.13806194823517529
728098,0.12872686281794762
895163,0.15873926039877456
270422,0.12070362195281273
501563,0.05580040618692881
300443,0.1793977164612475
578816,0.08556508462510069
408633,0.10924967937979475
150731,0.11982599509758918
422756,0.09429870262274057
144222,0.07033266485040653
560765,0.09355599667389645
494242,0.0383189627541741
303413,0.10338687307412524
506780,0.09222979193992636
854162,0.06517777778050715
377771,0.09055926379911183
329239,0.19962124746895668
443400,0.08157137876518893
168236,0.091734589856356
716565,0.09311732626288577
728592,0.11618378406424437
934168,0.09318296329428696
845452,0.04679617637823109
695385,0.14623382523463196
912447,0.14117823669259877
934985,0.05001570898195414
404653,0.10558386907733945
294890,0.13097429804799013
577128,0.10303179070563569
211081,0.13234203280450646
546175,0.12581969290766543
913704,0.09085633790946072
412647,0.08866726913397889
802679,0.07570402989560213
276903,0.11094464542229014
970385,0.17763266747863718
283608,0.12350689875389884
288530,0.10569536267374384
508092,0.13618603512310817
348115,0.10963692399698563
791661,0.10831353979362446
894752,0.1556955255326156
687070,0.0851206583075919
650375,0.12304138821438351
374304,0.10868286298181666
651166,0.08825601399627774
453562,0.09896056942190641
437787,0.09896514363880717
731101,0.0
963610,0.11004325148033381
869172,0.163639338673675
640724,0.1273379194593346
986656,0.04767525958695118
716927,0.12334264474100731
536020,0.05596686488363455
879656,0.14037809742001287
836283,0.14651138073571698
620846,0.04055274506316588
262171,0.1224611542058596
752607,0.05413664002432236
298587,0.11560823001693284
221941,0.12160683422932832
251148,0.1408374620215921
474309,0.061714696895707515
743546,0.10827062506877132
626927,0.07741009395387073
113956,0.1070176672077104
139124,0.18611635458432393
924950,0.040604915496068
942193,0.024553661812360756
233239,0.11654728026658842
483460,0.09868227954304294
835552,0.11291542147844964
308165,0.0866983329179185
362274,0.07672987122876199
990932,0.15155282130305564
565173,0.08207187789631686
341188,0.08238763810947972
811745,0.1353213840455916
784893,0.20160126288922744
658163,0.15514578424726766
261978,0.028628655910627923
692606,0.12992592426282085
873777,0.055326693537765134
158087,0.04395692868103103
695708,0.1568000512130026
372154,0.14018867397647825
166383,0.056543452904528974
399645,0.13105174255652816
441637,0.08369340029442034
879300,0.1349428003333473
908188,0.0888351319294429
298683,0.12898535922289542
187450,0.1341241847919151
450128,0.13989263991486187
574191,0.11425423804626993
131795,0.08364887140452314
911076,0.05763581793400652
812826,0.07119498966999072
532579,0.06993888174994375
525786,0.10006252312033616
352017,0.06778085020478053
929416,0.09100320014428408
716772,0.0315288568038449
536526,0.014736441124834134
667225,0.09169392953636055
254026,0.09636103469882816
395639,0.040659041275091644
897581,0.1568036058663902
832618,0.08416737243403231
400882,0.1918489120840779
613633,0.08991981873895466
340871,0.15425573423867675
220949,0.1364475734310953
205428,0.0701080765548427
299863,0.1373269208546931
486077,0.08420914601365932
638529,0.07890951394352455
789328,0.09996758600608717
122188,0.07624739880581986
805219,0.10143416132614914
174110,0.07176269574200478
380289,0.06918884136231934
688279,0.11492540802264356
172902,0.12127421136514449
464989,0.059187854446215375
510860,0.10916915225004022
556375,0.11452499097054317
789948,0.07817291490614857
395993,0.12573569841448212
883843,0.04610759664043614
283333,0.09959104015026539
625666,0.10371781699768678
586760,0.006515188533282769
768232,0.049327515549308185
777126,0.12319487613501376
665468,0.09173439785822664
309565,0.06771883959989987
589936,0.13008888413379133
138059,0.1527718211841866
596716,0.14118708045115333
524492,0.11870518503145229
677478,0.11374907205182924
318377,0.006515188533282769
768774,0.08769973666519214
377605,0.08182070809122102
303954,0.06923805641798182
457877,0.07444606643506531
610196,0.09434418737669374
657401,0.11592514778235474
421609,0.11149554522354224
373782,0.08543414286071496
410353,0.10349487199333265
424349,0.06417866779745231
556030,0.10348785188512498
584738,0.13244253830610814
308624,0.05343814184508387
627377,0.09079261946584331
787224,0.04398550888175331
623561,0.10949053202014127
526691,0.1260748976719581
981769,0.16363812408221493
539286,0.11786653114207749
170982,0.1144183192646241
249494,0.1841043669938441
279006,0.06299038915613002
495584,0.10760350586431945
211431,0.08251729376191137
376600,0.10311073045536556
907973,0.03425354663632951
286449,0.12779689331146202
182214,0.12487952027381202
528353,0.047116859692707756
433982,0.08710345003460553
725856,0.09822491324799004
809266,0.03703341395727015
174677,0.049234382716968554
731573,0.12292677744139298
928908,0.03530267702654807
252943,0.01644250518310273
378821,0.09111178754176412
755513,0.10085553151363684
940747,0.07323382638104102
954777,0.10401438652599927
789951,0.10218537645280407
409130,0.07857680604769376
548443,0.11711521790728394
907351,0.14014395434876234
972183,0.06471767105517857
957508,0.006515188533282769
565729,0.09279304363505521
783106,0.18744725965443268
633262,0.10307847342456854
464701,0.10877391038338591
543779,0.0920184023891423
373824,0.05072451190778517
321616,0.11370696152223432
507445,0.17084264782714534
737025,0.07010301349744619
326358,0.16544692294556831
891089,0.055326693537765134
864156,0.1672078581990318
725877,0.01644250518310273
831629,0.02457036403075082
123356,0.04124341885610168
261857,0.10648678525414688
556008,0.14691254940238277
697765,0.09126329663126896
144151,0.1372496442295051
344384,0.06055843481370185
218120,0.10938116097606729
186312,0.021876457571071376
293511,0.13239181631704652
267256,0.09394939401233302
326136,0.1410080090761968
811620,0.1660685968299232
848067,0.09148907775649233
886338,0.12287524258933726
548431,0.04793721170420245
193703,0.023656191895623988
194347,0.12199331183651238
872813,0.08883343652200376
129364,0.1438143581608908
476365,0.12328455184615512
866885,0.07275989295218309
211542,0.15586237793845834
209791,0.12001389124531597
867394,0.1275509642881943
391266,0.09961112554279074
409012,0.153435460824708
211172,0.05516620517035483
872945,0.08858385327003056
292893,0.08189238944179375
238191,0.06594513292637698
860942,0.12505185143249659
564257,0.049309624848222045
697451,0.06882743280103336
313032,0.08245563831599424
222440,0.07817733921249438
394263,0.10435281358489283
422973,0.09663989934055617
505533,0.10090760173721075
999672,0.06955171715802254
953643,0.07440241653099218
983221,0.1516971652806318
746570,0.09383101884583554
906089,0.10869744578367949
332904,0.10647419145528152
881831,0.0985578841197691
489526,0.07593850063480799
779810,0.14884693396109683
128778,0.08817068331299367
856874,0.1299942434059801
470457,0.1054988375287195
707520,0.13309130585770493
698359,0.13757669450035478
567765,0.06867283081749352
355626,0.14365757341640623
204507,0.08097110653643239
691580,0.027996062853789434
866781,0.14911654842797142
287807,0.08228796550827007
402404,0.057278729237100444
701977,0.12505909077441427
380244,0.06147111258566798
403995,0.12062085564487941
503713,0.08586545158384752
578035,0.02782104722306251
745697,0.09706244283499123
713454,0.07341973658252707
926790,0.05097538110152547
917755,0.027222347558220922
741300,0.11449873180984935
554396,0.083226784307915
204235,0.086128177193665
793597,0.061825010423333014
775558,0.12534723968762085
181864,0.11217890075014553
589173,0.08517032400046338
574923,0.04216428819214222
833205,0.1184485549559463
141486,0.11902062214692202
423741,0.09618949536207225
502967,0.004110626295775683
196202,0.12848165043276025
651364,0.12548625760082485
315831,0.0996113890353237
657249,0.09264592992578712
184592,0.07153176720050382
439994,0.0895918286147327
427944,0.14074415212107189
813710,0.13672557965886625
563098,0.06973406566164958
603533,0.12039084065049094
217898,0.07888328963856484
340715,0.11991885155082874
325520,0.07480448262651078
591018,0.07650012338867264
915179,0.046574128926266466
543056,0.041804761136995314
849714,0.0804304817799969
802288,0.0692326082043034
633803,0.08755104046221661
620301,0.13928215887914924
702463,0.09997435973480673
139410,0.1282678908147126
597924,0.16269850353095133
194662,0.06332494448982205
177979,0.07935023847119979
968129,0.0919212244264589
292764,0.12062878427217202
843601,0.10251425362272516
948727,0.09398250166395246
481792,0.11351748087660092
753622,0.12271308177184329
772602,0.14498012906804114
310261,0.1050479470565112
165249,0.09901795323399075
978342,0.07673699480940453
697180,0.11549485145883474
680388,0.13576708058591708
559615,0.06486389678106286
385132,0.10849057337993213
909665,0.11379629636375851
647681,0.08963090049260573
771102,0.10669087390421159
313249,0.0376500441621176
773123,0.06448853425543383
598004,0.07570971007073474
639298,0.15445428264581604
337706,0.041551386240393604
712017,0.09863326352363468
220689,0.10992354011323759
236426,0.08444969183438361
625914,0.08941824411991724
970470,0.03473977062744961
386427,0.1327053760111279
223578,0.03165362999442626
784788,0.06055843481370185
716357,0.10917573348336092
858968,0.07646941347467139
423195,0.13940579015465634
885443,0.0711353429201424
494430,0.09815103537415744
778931,0.12927043887014691
533201,0.0731675988857597
306483,0.10273972049850527
902281,0.12411780228588927
138241,0.10977983868511866
706200,0.1445178343361927
973959,0.06794349734417841
983681,0.08793623618171954
753073,0.09672042950369748
880951,0.1828864545244261
201005,0.011539986964185279
130913,0.09698490638443483
988577,0.11536366959296272
646397,0.08521033586203026
555713,0.09828095926887247
525629,0.08517674364158757
775878,0.08113387697348003
317831,0.12098484393313332
172044,0.09670655430084313
816357,0.07696947902025092
987243,0.11164693691179685
207138,0.08589924702506459
995690,0.07350389398296935
419603,0.08082222207040791
611402,0.08942125536832757
796138,0.09924237283670129
740988,0.04501663892186954
319610,0.06337215100827508
960756,0.05746457315162633
360201,0.13720502293310885
975000,0.11782603069843287
123335,0.11559085663831559
771090,0.0945312351458395
499012,0.1749980510591805
326754,0.09213187405721594
516505,0.11845150467368887
251700,0.11772642576885473
213181,0.08491818734469468
776201,0.018847067420609813
527783,0.2348437362943496
676672,0.09315587028420737
848043,0.07029784916903149
283740,0.039454006995399804
198852,0.0
237311,0.01976123955573664
973337,0.06280399610164084
932327,0.041422023170919677
411121,0.08461248893250818
507726,0.08327539425361603
748600,0.10975725324966487
119918,0.10141375330089633
589582,0.049426262041421094
180336,0.09584596332005198
588284,0.1447127379803534
880586,0.09468578832038335
957244,0.08805810273763973
503285,0.049327515549308185
309204,0.021876457571071376
181241,0.07120397312037956
320827,0.05221388505394724
771528,0.038392633020458124
700160,0.03324453742135235
903514,0.13057488273127335
408170,0.10375145569844048
530683,0.11876930701990086
654242,0.1314271715028645
855664,0.04411592963059913
216239,0.1424457599861044
881874,0.11818628013200266
645607,0.07505414166206466
993300,0.08374153924976052
813754,0.0
366924,0.07618918590329037
721068,0.09078347417814611
777078,0.031667402714713924
965988,0.09548233794908462
844405,0.08972323287314744
848408,0.08106431201728674
946375,0.09659511554235395
351427,0.11515668889127989
794445,0.10768201235798891
733314,0.09917487081442061
479608,0.07329946765809503
645582,0.13787754947880293
213878,0.08032319086339766
347834,0.09864651783106877
521852,0.06671060885852825
774311,0.11521416320082459
831408,0.10793809456267046
764112,0.12041218341908495
157458,0.08764731075691835
294209,0.06810858133093581
335444,0.037641126991355266
878659,0.049510003183720855
951101,0.08851647175036832
438517,0.10066322997026343
158451,0.11147920616418594
597418,0.047803939125452256
347595,0.07592793477602044
688255,0.07017146796929086
599456,0.09935321877350455
952153,0.09415723211937672
585168,0.07008800296187603
559352,0.03716983015169335
331471,0.12067772395153666
583972,0.0923585233102761
298092,0.1353784884641353
635294,0.08868478006024842
599496,0.10261851364361067
131356,0.04880571078792777
902666,0.04191370194183008
422948,0.07663465247171246
978087,0.11094241804514174
599295,0.1021492649645195
884079,0.07703223495160123
490237,0.0791307069770391
201171,0.1254089993172306
522857,0.10684279419285607
704960,0.07912409882392188
226973,0.05559030938911958
131543,0.07601309759539374
250818,0.06973999900898979
257239,0.056084794029469795
425933,0.047312383791247976
417599,0.08542816690761318
550004,0.06550956297832035
771486,0.10324553743475583
204209,0.1139639449672073
331281,0.1250810944139365
888188,0.07226213494018002
719980,0.11233978610550754
951664,0.1026274446713004
391795,0.04146579001290372
973255,0.12492106550122059
985417,0.0649280708400786
871119,0.06159241668372246
161515,0.12202768433204246
204933,0.052121508266262155
603775,0.15073936019068782
396452,0.0
551997,0.09782995285399892
313476,0.05473360392279682
823757,0.10845452003694438
736554,0.11911970279700393
210828,0.06251536806571074
246792,0.053530087565497625
492350,0.09508704918196356
331347,0.10212433442896403
639380,0.06868936685206982
130367,0.1161025212083186
419103,0.06456635321917975
684092,0.0784668748885633
199756,0.09435618826311369
712210,0.040001815901513964
665052,0.07710590521788525
538929,0.09060889070103106
507333,0.11229981289020428
525473,0.08990305222423545
447811,0.06605572690348285
490823,0.042823898493202804
800940,0.10251670476394605
887506,0.10949189483377013
444931,0.04879463335676749
561206,0.0945184679069539
829178,0.13458104683506095
490005,0.03598807078295104
260216,0.1045038130008042
224028,0.11680960442640403
673798,0.12830960425483087
729263,0.10797556519760296
910911,0.10750616704437917
251047,0.10659951892331394
657287,0.04901051173234235
882560,0.12355151017821825
580253,0.10414099177605252
406228,0.06779042503033968
839827,0.13296658785066998
801695,0.0999924580501432
683979,0.09928327189812669
254297,0.12236028967889291
552693,0.10510856961501501
172672,0.1349321104734807
156455,0.07486385793847271
142541,0.05058720477669227
263718,0.09131749906867415
687747,0.11964087655582951
609899,0.1378483794440644
569940,0.11931595965790709
116344,0.14425120864502033
982450,0.1053805458369078
912086,0.12391691561043672
431180,0.12026560790681261
459750,0.0704384971882283
629978,0.13691370861324895
654072,0.07298370744493217
429018,0.11127452433649478
526539,0.17016133000180872
151984,0.046030098556080985
870738,0.19170336424681608
391244,0.11005525674669252
239670,0.08618250419209252
383657,0.14873163286458874
897769,0.01776583127529569
848389,0.05233369478884101
461074,0.09209510381430498
969815,0.03988200616662019
853547,0.1470615593919371
704502,0.04623602660973999
424876,0.08209108573932233
871821,0.10012952387087619
291614,0.14555759497356122
939058,0.1400808567054218
624480,0.11980686126662399
826871,0.0987402784867017
172390,0.04439181100891507
150549,0.04483415128745687
680713,0.08213335976704887
463200,0.1371087243353463
550637,0.08074762510982215
559608,0.07896288413223103
183310,0.035472060238125214
686580,0.08120250409286436
448407,0.02257495575030986
228061,0.10099359169714127
558200,0.08909429583515246
136306,0.08861307057433336
291874,0.10813787001762622
444663,0.02428101980857846
804442,0.08478422485567728
358219,0.06953381607503774
387745,0.08979991257810283
786786,0.08237320644541243
809276,0.09759548848092045
878510,0.11621495769136794
322026,0.07590871148472533
141303,0.1025040874272174
825774,0.11717754342814554
477762,0.10436041493595367
742194,0.0890010767278237
221109,0.09747011881559378
224890,0.14026233513775374
857902,0.07874219929292514
275584,0.058133245146104906
237665,0.06863276052875007
532283,0.15438207689636807
152848,0.1404817061241772
328673,0.11951115698092082
402126,0.07380448583615572
861755,0.06633840443016309
659767,0.07387951177284727
854238,0.11510177607307888
509322,0.1319913268894695
392816,0.03472026715654738
759561,0.08875660091687819
317048,0.09940163383738986
358901,0.09978932801702943
750500,0.049643275762471045
669623,0.07055161060103349
830142,0.04735511420522991
576723,0.09140238855134324
532964,0.021251629658116902
941976,0.05185435799880033
294561,0.11070561394754982
467106,0.058827915544811704
228364,0.0925292730447805
823258,0.07781461145602762
923821,0.10655111235971663
638182,0.07320258648088228
999583,0.10709022368299259
822316,0.13425303370538044
559063,0.10403217440792387
577168,0.08850520278585614
886182,0.08290844958628026
782597,0.051914565421227944
880505,0.022957693716385497
927980,0.1173671797568318
316579,0.07413886630301654
656562,0.0047806643866612495
744151,0.08222734780667859
655475,0.1564042578845046
267611,0.0894141651733558
768314,0.1012776764342599
800834,0.0868706976247385
144787,0.09752088515420732
231226,0.12491601023086751
279896,0.11190162387834872
810099,0.08642780586725692
616536,0.13415580935599158
635527,0.05343814184508387
771272,0.09447548758862409
729947,0.13742769523398052
698905,0.05635292041086219
843578,0.054668074193373564
927963,0.09395332410424868
980878,0.11610328255238885
455733,0.057117846608811744
912155,0.09946184645965939
817870,0.0841232801850317
944862,0.10567201468284394
270087,0.07320258648088228
131671,0.13477398378895178
230524,0.09837373506022278
518360,0.058611636478961934
171840,0.05312907414529225
711218,0.14015615566813153
190543,0.0870850159102193
575872,0.11186052035914795
702867,0.10866745318668607
617965,0.05396957601413506
223899,0.020553131478878408
497631,0.08178761478569573
377490,0.1275756714290598
322347,0.03735516371712804
796968,0.025362255953892587
880420,0.09135879530991796
711953,0.10581355108614215
821158,0.12851324186362353
289953,0.08089589233669194
290860,0.07710590521788525
218232,0.11192484313218733
939711,0.03576425629020194
266923,0.11976857656111198
741183,0.1467594526036717
431473,0.0726013958585854
119100,0.06019542032524548
572574,0.06321442321890333
415645,0.027766818191399673
873501,0.10747717932443791
586480,0.09810438620882536
475477,0.006515188533282769
196686,0.01644250518310273
194738,0.041106262957756816
457179,0.12052938798545798
834202,0.10969804806851972
215504,0.06462180683418402
205994,0.026769211517025878
612406,0.0779507633317391
840637,0.09022996424495001
407658,0.10595072900895379
689277,0.0799830758719726
595536,0.053553458071563025
732811,0.05358169915607076
654693,0.1299624110129234
210361,0.05167387928076397
513676,0.08593114077941184
649964,0.0747037801355384
481872,0.12069879743913507
985817,0.09548233794908459
520060,0.08668607434666371
345008,0.054424881022573424
651216,0.07492593618481941
504415,0.09346400111096263
285209,0.08199888571296303
533064,0.05954213232393809
961925,0.11002983037064042
653690,0.10033595701918807
776129,0.05538732733992159
183032,0.09195426330147267
335873,0.06888465262633388
807004,0.16887125287354632
645845,0.10928465686593487
199252,0.10643199165740343
946808,0.07435624859278761
176967,0.11779440777077324
661242,0.07894909400195203
566802,0.09076812904398203
713212,0.0946814405888162
171635,0.05576986626974299
335637,0.1027949702422027
838408,0.0829719007134282
753385,0.09235759042875887
547889,0.11427245803710166
383462,0.09898868541309587
461819,0.08807694963995515
865570,0.13180159401706718
170410,0.08868148262710467
221888,0.13915496138386924
247349,0.09542010173498873
164353,0.0708028673470922
745110,0.11864038122525802
965717,0.08475527333172336
433946,0.10537235693733578
957410,0.13266382315698091
996477,0.08391933081782049
721905,0.06883240224276518
894828,0.1348156605073449
929656,0.07709787195371876
564498,0.12583259862605503
834365,0.12025044288805702
991009,0.08442805897924084
300174,0.1506313731850569
895481,0.12006147207570572
517093,0.06834019895661579
432986,0.08474606087837704
466611,0.06553597896931085
379409,0.008221252591551365
702304,0.04113514942583861
820296,0.05310061405693934
334278,0.06719590355896968
940781,0.08849447448785516
659230,0.10791674759362842
891463,0.09917074436082197
247768,0.10583616519342513
967798,0.10807394612827229
386245,0.06330725998885252
271117,0.07139992359864863
649212,0.13438845216002615
745054,0.12411022746224822
299645,0.09010888403131341
891205,0.10627933428946645
976841,0.08981317693698165
738387,0.07454654897553208
674328,0.10623296977725463
814569,0.02717178207016331
834594,0.037694134841219626
486710,0.13738561828694787
849192,0.11964115801707953
350089,0.09309765674253268
160193,0.1215083412668313
384168,0.1012371760071808
251185,0.11771647445989375
111432,0.1286337097680002
302439,0.01776583127529569
608465,0.1271218078263873
465839,0.15552467240163836
877705,0.022957693716385497
792301,0.04286278637138071
348163,0.10076539253809265
947975,0.11366846760166792
151861,0.04885138383932928
461732,0.07767881074595323
579147,0.03910369597007698
996007,0.05050069741503607
564691,0.07829616439753674
359176,0.09787832112919392
112200,0.0985838660037086
648884,0.08851647175036832
872670,0.0987019070812539
996344,0.08519138875404593
321020,0.09720604135233502
792236,0.11349603974961356
449523,0.024663757774654092
269942,0.12382133051216071
294703,0.07528164188579752
309911,0.037694134841219626
706823,0.08229288869516892
284269,0.16560323807852584
983817,0.08561691488135481
282518,0.05973808280220717
306454,0.0318934358489412
974813,0.06183450663060129
174799,0.06293854184058739
125739,0.11515920416994278
555615,0.08107887982504884
605189,0.09085661315129409
627337,0.07461685615181694
926552,0.1784128283696281
327479,0.16109901415910668
468771,0.07058240196813463
943043,0.05529788503139271
715322,0.02428101980857846
648000,0.08083960647500223
207646,0.03570063523329012
906105,0.0459128129242991
803164,0.08718726637722561
830335,0.10100278750656037
999197,0.0477093771965966
783135,0.06928956632959458
989698,0.02442619019771157
718753,0.11085016453969
781930,0.11812786270035716
716178,0.17866511820815753
168166,0.07671448442144041
837101,0.04819509494982113
709940,0.1230523259324214
820981,0.07815720207881025
207479,0.1314413305869204
195406,0.08278085758545164
504400,0.10712533327554766
765993,0.04363310540724897
296534,0.006515188533282769
422231,0.022957693716385497
495516,0.11878857821243374
297547,0.1275466876695536
260184,0.16101115865206497
830786,0.08206826764279813
600774,0.028922119984243
830447,0.15187171905171187
649415,0.11281565580346616
661719,0.05873144621385571
297749,0.11846339696266131
376095,0.14596045095424257
697426,0.03994058360767048
237630,0.07962117619020001
714462,0.13020302718393298
413710,0.08356422516447375
438956,0.12950811555496916
496867,0.0941863366054977
798315,0.07942051497761118
254994,0.13069037042136214
475036,0.13065833861883802
685521,0.12107674861823739
400188,0.10047222733241534
662450,0.13701712238575894
776152,0.03433320937155914
981072,0.09420771765745527
817535,0.1114514409927366
439090,0.1368648792020416
156453,0.09292180639562801
998356,0.14898483978795157
868467,0.0765699219967413
837744,0.09746294190833198
874027,0.07957187781754406
937819,0.08842660183280514
806459,0.026060754133131078
986296,0.13290194839626548
138196,0.1099431903120349
580350,0.05179294294342449
848147,0.09470303454372477
833645,0.18379821655116563
461628,0.03646275446944043
340412,0.13278369870734555
569489,0.14142635404639278
496558,0.06632787089245261
710139,0.1070972021359378
130400,0.08281595500408635
650128,0.05848935626697688
184662,0.013030377066565539
578112,0.05128652654493062
127477,0.13285400262237554
953447,0.1239279973852514
318257,0.08631081607992992
798029,0.03982477648077973
561110,0.13465531958537563
363417,0.07019512223161967
614129,0.07429260187305786
413782,0.021251629658116902
953749,0.09760268142138402
443582,0.13756112785386498
446235,0.045915387432770995
292684,0.14093789989494568
265284,0.1264404779943032
672475,0.14440988886701966
969389,0.11453589902516295
239251,0.0749712661144695
871606,0.14683904387581742
239598,0.09711396350629627
448606,0.1420105591322902
174242,0.10827033586565835
698051,0.1000068054886991
268772,0.11822409221514579
531523,0.05821880623174512
236524,0.09756006071423964
252561,0.10398523103882304
727348,0.13536725480030068
814520,0.1272693797939251
871035,0.05593682757622748
866908,0.08856528173925203
887008,0.08394879328742004
998188,0.09526106660778143
194692,0.09395332410424868
186605,0.09829003887385926
554820,0.09459486415819598
413696,0.06765857242509218
780799,0.046796373246422156
360256,0.12889351094166812
556233,0.1351864962752713
557899,0.10131842569253627
336575,0.026060754133131078
254187,0.09454957181648087
320332,0.08019440944645806
377020,0.10891248829403108
249797,0.09042621009238262
876378,0.022546495661956937
173818,0.10775986238625242
862235,0.08437676082514946
250163,0.022546495661956937
284339,0.07000932091103375
784242,0.10972237813132302
271918,0.024663757774654092
340100,0.01644250518310273
510758,0.10541034018026753
145942,0.004110626295775683
879503,0.032093118443063694
800012,0.12448579302226148
863192,0.04936669786325062
697196,0.023656191895623988
157199,0.0381783147349773
575429,0.09525095116585795
528577,0.09657183682814306
635621,0.08955519079712547
293505,0.09900188183267056
438895,0.11594142037628268
959274,0.0
897752,0.08111156629258026
357730,0.10285461879436739
991264,0.10471588960031168
796078,0.0989876681324916
627525,0.07240071914719358
615618,0.1447088116241633
433646,0.0
232834,0.06966540204840406
679149,0.06435869458041454
802142,0.11035766757647684
833572,0.10019021263579599
984798,0.029472882249668268
565069,0.07817143940357056
823636,0.07689940571604055
243503,0.02603229404477815
907472,0.12679193086612212
182096,0.11090447770404985
998442,0.05748179038794678
816305,0.10871605051772727
169419,0.07322074249585458
882977,0.046973412667156385
927908,0.12280990929621
197666,0.08752317644773658
819970,0.08914734798630689
198230,0.059187854446215375
834026,0.11193011069814404
255881,0.026685582046085544
208315,0.05965569143557498
925315,0.12630955388074375
280275,0.03288501036620546
964710,0.0601358180127793
238874,0.15574044304270032
827355,0.06999866545436778
670218,0.08004912693058368
142819,0.08871612601568722
823077,0.14302630678474249
894276,0.13876091010360492
647710,0.12712705609730082
706814,0.1030964019726633
467249,0.08863473436095803
532070,0.09065355253737427
325831,0.10517019311467937
769769,0.07705365483431655
863667,0.16068100180065434
487769,0.07800850587583469
863485,0.10978493579932107
995643,0.13284675801456583
522678,0.10764525568404387
305112,0.0736898336610794
770457,0.079561483320988
166991,0.05324985999411662
445016,0.12896006415385985
408074,0.10129570900676048
773982,0.06594513292637698
958044,0.08838136564742247
509874,0.10002929480393172
278181,0.14522803180058635
923219,0.10049207944526324
849052,0.042503259316233805
647477,0.09680566404127758
773159,0.08757188134289653
826396,0.10589502977074754
304727,0.06663797008193452
924265,0.1130222606537683
866250,0.07451138552203256
809199,0.08207187789631686
861526,0.07610732379273306
199274,0.0891171449282433
768361,0.10109368906433332
335732,0.14368255805115376
304886,0.08694312388016352
338148,0.06121455768145296
741311,0.09496549026328024
130935,0.11196933772727662
226752,0.0827534874643798
305600,0.1392564116123893
562508,0.10523242453401176
884466,0.06243969225995145
152609,0.04844222988226314
495327,0.06457417300241355
185159,0.1396620172949725
387496,0.08977573827308569
992244,0.09929512007986824
667223,0.09647989110772928
530911,0.10741586768092136
436983,0.08061993765188849
784593,0.12784967043759796
424566,0.12068267299231827
809842,0.07405463884365375
865537,0.1346796013566944
696491,0.03066293576311104
616386,0.006515188533282769
826008,0.046236026609739994
998068,0.08741776788346639
111274,0.026685582046085544
457110,0.09127620548948262
439916,0.12491117852528393
617859,0.14927097321450686
911745,0.0
443047,0.09015359727535517
965032,0.11449005437437937
730961,0.08112244268412651
357121,0.07091135586157146
819938,0.11492095887687084
498952,0.08100701689992029
313462,0.10911855842214394
609717,0.08237814190221143
858239,0.04216428819214222
936202,0.10103255527923971
599102,0.07990623462903661
316637,0.07631442614448933
413801,0.14417685790686857
332514,0.07628407401035435
908902,0.013655204979520011
879180,0.13541765165290168
984326,0.07420736093591553
948849,0.12461553530316322
358104,0.09868022715327619
501144,0.037936224788098466
533019,0.07834202016810635
571088,0.09525095116585795
187487,0.07147154976757024
550783,0.11490115637424449
357938,0.08092366399808994
151693,0.029472882249668264
632402,0.03952247911147328
241324,0.013655204979520011
235504,0.09951819047548739
478551,0.12534759716034696
746944,0.07267915744184099
783066,0.12234709525124664
569850,0.042006274312801344
971742,0.035148924584515746
266361,0.08015174580933031
479782,0.15035377427236776
150972,0.08985394830659028
152084,0.1126236405526301
944142,0.0381783147349773
154420,0.04792621933743732
117970,0.07167901318919963
140403,0.03274436234700866
137176,0.06606491846446862
652413,0.12006955795117616
539817,0.05965569143557498
733690,0.06353107448160161
793067,0.06640154115873663
431136,0.09441782473746174
257599,0.06968039669652364
983603,0.07406228861037287
354986,0.09761635015135993
304405,0.12460944219223552
963508,0.11851874666810228
631463,0.03586321606249408
435031,0.023656191895623988
537241,0.12178747966963138
533471,0.09814711687357666
616845,0.035148924584515746
887111,0.14168713507355973
703919,0.13201570284580666
366775,0.09899353748186214
416693,0.060651828557605134
864195,0.1153363531919622
189557,0.10289224847326912
623075,0.13095740313964893
480815,0.10966032534355726
300138,0.07649174482963755
672155,0.06121455768145296
562750,0.08420648617246508
773784,0.10668192711368611
391918,0.10083727097499026
202669,0.0910247221623179
803113,0.03967860306482718
367141,0.04860845746453447
886259,0.02994756593615766
237851,0.09539447885809993
166704,0.09711119550086966
689580,0.033715171903326124
492452,0.014220430580008308
168279,0.0697399990089898
745515,0.1824105908462276
215519,0.1368343905077696
286652,0.09142450058152106
395401,0.06125828866334786
574626,0.12822119541039964
768889,0.0890047098270138
521881,0.08319832421956207
827251,0.13296989648291596
136967,0.1264654913320883
841636,0.004110626295775683
901855,0.0938960252993554
220838,0.09858785779379883
279951,0.05379766890023077
188653,0.028774384070429777
218017,0.05977327804005912
551015,0.07809637713358604
398291,0.11191802581890428
383290,0.12155292403727075
710331,0.07645447295844336
803834,0.13677757304552732
886805,0.0952898824864827
830152,0.10939635580917471
161374,0.07078218877289306
722830,0.011295852919944019
856216,0.038392633020458124
134147,0.0630780866358629
706130,0.08710923554631096
725443,0.055326693537765134
708277,0.1080477277258927
171554,0.11908796276657489
679271,0.11480393484980951
773998,0.11434295443286782
661830,0.12212341302339069
722635,0.0
784789,0.02895687170484244
964104,0.06773540078864007
392065,0.059403528402103715
322904,0.12964810684785757
820070,0.12035768802426144
865458,0.09455922669400564
892861,0.03430028217881218
728569,0.05528124168932797
813842,0.030097710162622734
543262,0.12131930953055356
837873,0.12358233565399421
138362,0.04021864668915845
253073,0.051914565421227944
744403,0.15704300816382374
355614,0.12809530733557176
880633,0.0685341100250649
229483,0.09326610182579878
954414,0.08866320717297492
689056,0.17053495880150762
834540,0.08653623686427273
979404,0.12904465800924653
536594,0.1442787352361901
183789,0.045915387432770995
345079,0.11421404468043715
409193,0.12622163186386912
781759,0.014736441124834134
580126,0.09527665019644165
263794,0.05445727920129135
335005,0.13695181912789087
175706,0.12427140589946298
374882,0.06553597896931085
327043,0.1338986775550076
804248,0.07068058713510712
156699,0.09397375323422112
543566,0.06993110638354189
820828,0.0949512196868819
571406,0.08760953317418477
497403,0.0688936370802118
738822,0.10655111235971663
537299,0.09685796291111408
642670,0.07776100126887821
182225,0.0453825052402303
496964,0.09374248016017994
297694,0.03430028217881218
119862,0.06835127638777606
600722,0.10374086009726116
298640,0.09514992289424078
810645,0.08269525778578181
958858,0.08675670057542109
975822,0.11268099990786234
162781,0.12211681468664812
875819,0.09512104914982299
157588,0.10765906614806292
899535,0.08868241733927953
979100,0.12626048606190315
165457,0.11869826888677215
336829,0.07734383203354932
568074,0.05445727920129135
866883,0.07663465247171246
347300,0.05654120226182944
187819,0.1049283435992978
223929,0.08170320788405906
344835,0.10775481356019972
406737,0.13929481645734343
609693,0.1592492178724791
904784,0.10475452413546579
149929,0.05995375675809549
551307,0.07386219678194286
280887,0.1257825778844205
360729,0.07761958721074014
574271,0.0383189627541741
182900,0.07143567581045471
794936,0.09349001102824595
675981,0.09984865264498467
422321,0.05413664002432236
226600,0.023432377402874894
169610,0.10347485065777544
990010,0.11681449442328769
721272,0.11139372486998463
768016,0.046231147645933855
677537,0.07595665338019143
434873,0.07068058713510712
114590,0.07816561630014789
861651,0.08968533258780675
244217,0.10583509598217697
994700,0.02858610221946252
595249,0.08771218006164865
770352,0.1251891833508876
761822,0.06842824439397421
170909,0.15698730574759656
263671,0.025362255953892587
443685,0.11096573848483467
223402,0.12742090190149857
674665,0.10673548895226549
602670,0.1085789137740977
186382,0.059859936634463366
441976,0.12953768880200664
728007,0.1309392904698329
967628,0.013001916978212614
177560,0.06641763739398406
390149,0.04820210071575326
584296,0.055326693537765134
517980,0.1109166591963949
124148,0.07527042072791443
472983,0.09524615974278872
533357,0.10779253673982758
333194,0.07347945410648171
196016,0.07441900900251766
432417,0.04512349550962922
882024,0.018847067420609813
306297,0.042429589049949784
171549,0.0453316003768425
726304,0.11235618710010571
854194,0.04233619530604651
286950,0.10344825824351007
579278,0.09631380030941158
788826,0.11087720304778727
990155,0.10336292756022601
386566,0.05238579216785153
776738,0.12079834934073583
755201,0.11063651542781539
135493,0.12879318443937815
666015,0.03165362999442626
872048,0.08930135790757796
886822,0.12711839285201157
404801,0.01644250518310273
313582,0.06891609678302314
239287,0.11730276459885378
826311,0.14062942776735082
311277,0.07199669749695739
611334,0.032093118443063694
827404,0.12946008942641518
257310,0.11453530295129005
325823,0.07573108459659332
677132,0.07060803167550687
954102,0.09591272860751342
369127,0.1056097310232905
366198,0.10697179227050956
305670,0.08222409739269103
291776,0.026276428089019414
995096,0.048679476725425
791832,0.09238100581791071
775059,0.14956680131484804
892150,0.1418019997072729
421904,0.10849700218831182
685222,0.10145037948597786
879313,0.056716693748598786
798431,0.06997615560852842
287323,0.08817832612859837
970330,0.13214126360184125
682094,0.09949544967226041
724808,0.0600756105903517
461275,0.047071649514776666
176245,0.07060803167550687
281397,0.10140688691773425
222392,0.06535941875185527
360690,0.07060803167550687
193726,0.12497077046646303
485730,0.05771438412755734
873049,0.08897597918801281
536785,0.025362255953892587
113327,0.07596460085406409
797865,0.14671310946013907
987756,0.1114995586192879
315200,0.012331878887327046
561745,0.0
376193,0.07573989258028856
671906,0.05425892023630743
874066,0.06941993894243305
228162,0.05614747192898869
859383,0.12676215574223382
158789,0.0601358180127793
493641,0.07058240196813463
332641,0.037525026733669906
698611,0.13618548415536946
454242,0.06765857242509218
418120,0.198579436196116
536231,0.07635843582584
627008,0.1331888486082192
176717,0.12289795962236383
296897,0.057128848986082836
811194,0.058003000562758894
735972,0.062186856038715155
894244,0.039306805155584955
908734,0.026060754133131078
263737,0.09579313393444791
282949,0.08483327392326138
754540,0.11436535406280901
855662,0.11688361223997683
992590,0.09756972389102629
309155,0.05961980746795348
382917,0.09142450058152106
241927,0.071017185632573
924305,0.10259178825169446
357859,0.031131593914570568
342788,0.1415783977821916
337424,0.006515188533282769
320349,0.022441683171559673
471813,0.09963745883994958
240441,0.0047806643866612495
745897,0.0871023615704923
880584,0.11675512078267108
811355,0.1066240921048677
818848,0.05078709925055821
936846,0.05771438412755733
492415,0.049327515549308185
272517,0.10146856279040746
313669,0.08729230520387368
139535,0.1445105723061657
636976,0.0883445759240803
992399,0.07874154942385737
639510,0.12940092913175233
439885,0.11267900226570297
277915,0.09856832986808435
273711,0.10753264497157013
695393,0.01976123955573664
111464,0.06378455740244693
602264,0.11759254120107546
401348,0.08182051448363616
440862,0.1081720520352402
627974,0.049339087026485574
519656,0.048131667819310824
519984,0.02457036403075082
336644,0.060697979608977354
137532,0.11940349855712222
565215,0.039306805155584955
250603,0.026060754133131078
516232,0.03690224291807786
466061,0.13868813449582507
975492,0.13550865487690697
253899,0.05346151976906608
493563,0.07623191856567646
187411,0.09138105914655359
245427,0.0633874315945607
521956,0.0815207202496464
468231,0.10647571995374351
554146,0.05379766890023077
718594,0.07299527892210957
914849,0.08857612219884183
419784,0.12873842933365942
389369,0.0850448238315761
945629,0.040890404610641425
933454,0.1097085816062302
939807,0.04057338076521612
335422,0.08600280979148486
960136,0.10427816363436893
575319,0.12091309473665401
736860,0.09548406623465631
225338,0.05614747192898867
417086,0.07920125703542329
307957,0.10963420132608416
512185,0.1125643421353393
130184,0.06091114323735453
863978,0.09928302416499568
583019,0.1126204760465341
232494,0.03165362999442626
592810,0.09954803173263442
170513,0.01680203223824963
121331,0.0918777543699455
675064,0.07727206972935062
306365,0.10697018924842334
879544,0.06478780286093948
948796,0.07561936726255297
886214,0.061975154649798095
333751,0.07513587498896789
603918,0.07368220562417067
920882,0.10094669219097485
207445,0.09680551532725393
937594,0.08559722307497218
950877,0.06194504894934473
300996,0.1233059387759726
565270,0.07951628038280927
432501,0.07214134808692783
205431,0.12940318260563963
423909,0.09207286481242082
597624,0.10455712053800112
356717,0.07406671291671871
819232,0.05274633617921663
756988,0.10941449855401156
927944,0.12275331739986073
297832,0.10003499081030573
710075,0.09771531211170917
970586,0.06476245485338081
171753,0.006515188533282769
133924,0.004110626295775683
903662,0.11112418126701425
858624,0.0286809903265265
575195,0.11041999636529296
904588,0.024663757774654092
386253,0.12576045253216708
691616,0.101288130441627
873668,0.08967571092087637
706334,0.14564321299013128
357880,0.09744377502431746
945383,0.12288113528912026
692629,0.11921332959113494
892533,0.07309628802028613
718223,0.05585427555976833
240998,0.11259239812356679
384759,0.0
834890,0.11691911022148758
444226,0.13747631328529375
339696,0.1395001300495844
288989,0.07089490542058793
181129,0.05136010189162464
711823,0.10329279171004935
988746,0.08218445847167082
256937,0.13465975981458406
153345,0.03425354663632952
329587,0.08020338112850386
892511,0.08226298527086894
258709,0.06113363582473709
287236,0.08008654270246834
202794,0.09721884023138709
978254,0.1251891833508876
151472,0.05797334572215106
805083,0.14183579842828273
161807,0.13000879063137727
887232,0.023432377402874894
115236,0.17015235639541162
390688,0.06457417300241355
531548,0.10378663570580111
128776,0.048319949670278084
283282,0.0725272992125725
747691,0.11298450579196707
343830,0.12413526741110012
905672,0.1287661517766871
928787,0.006515188533282769
824403,0.13427443028836278
497944,0.10071131036077431
613485,0.08803249705354023
796357,0.10654291483582416
264297,0.016320651350846527
816211,0.08695467263761504
520216,0.09304362101404522
117990,0.07304778915086592
579265,0.05474174445965758
828900,0.09200724272991558
427062,0.06898779227246649
176515,0.06300872467356194
718385,0.0449078215537409
703650,0.04954360316126142
778012,0.12334308285080632
597553,0.07207396656726558
258972,0.12202992695584679
919149,0.030841418519792326
448535,0.0921431233493159
719951,0.08222409739269104
300279,0.07173063988963431
626910,0.0849582474009559
728391,0.06321442321890333
770377,0.11331006280647046
420659,0.10425370842374738
740691,0.056561758192884753
630260,0.026060754133131078
936943,0.12029343625630676
697256,0.042994814650438085
382843,0.15512684122422668
407774,0.08385161222086947
450450,0.01776583127529569
849692,0.07183279828695946
542892,0.033825598492322785
329784,0.07163444445685241
128352,0.0453825052402303
989571,0.08771218006164865
299158,0.09990282919399258
279314,0.09501769725347053
980368,0.1335790759004758
444307,0.029472882249668268
566356,0.11009848648768356
951861,0.07803603979575567
291078,0.09138363396706484
152730,0.08492185599941846
290957,0.14080475500375017
218601,0.0710037227887166
131506,0.11132751651653554
353434,0.1282226569393683
167068,0.10796975487194863
360892,0.1276129896868978
853353,0.05793409331021569
805652,0.004110626295775683
188676,0.056723689896242116
950687,0.08694122055713562
357060,0.07772683028096415
856272,0.13113921486995347
855179,0.12269228879820793
706885,0.11854524650195605
480321,0.07010301349744619
809535,0.12128970234018091
211830,0.0977641221005929
617456,0.05515577738052984
765744,0.08422404544035256
577312,0.122655869675485
832320,0.10216921783555952
750271,0.06716701709088789
264563,0.031178946307936863
185021,0.0697082701439369
165789,0.10315597563042479
452018,0.0454740872845514
312458,0.051423010087023664
965014,0.10586873634907668
140311,0.13914017905725454
470880,0.0687324331299597
397156,0.08538512611609182
290932,0.09694939342007665
524295,0.08672401144773616
791225,0.008221252591551365
646137,0.10500297265857135
431059,0.07864936252297595
788238,0.08192781299398422
759900,0.016320651350846527
885733,0.13329077490777444
482371,0.12858483433752374
821094,0.022197381997188684
377281,0.09456960085750049
232161,0.09401182887765946
739163,0.06216430727650933
179358,0.095640744909294
606861,0.09776217634289629
634795,0.08849162858833393
426748,0.08289413548357659
228034,0.06132587152622208
171695,0.06620806115755883
974196,0.1348980886075752
771003,0.10889611564764222
755450,0.06330725998885252
518321,0.1273274357884132
811759,0.07404657578303456
755153,0.11333605618965058
834088,0.10882116465867941
412821,0.0047806643866612495
728824,0.11256229764439259
757066,0.08270411415523396
859079,0.14114287590328023
162923,0.10794991122291267
845837,0.08207187789631686
281422,0.011539986964185279
989727,0.09821584891733845
445284,0.09471951699680677
177116,0.06477702266114292
649557,0.07821661074304796
657610,0.05450101018318625
475977,0.08475527333172336
285589,0.1170229932860267
612154,0.0
885651,0.06722082518679949
582310,0.09680566404127758
283758,0.01746164253931021
404683,0.10879940134363353
843970,0.08379341371481815
351359,0.0790882939976593
672914,0.11723927235187645
176181,0.08570345345887583
657927,0.07871745406689058
653169,0.08007319657924014
518002,0.10056509381893282
595069,0.08081122970364277
370268,0.04762145149103959
741725,0.05964426267857503
331085,0.026552309467335358
465522,0.01776583127529569
267820,0.07731321277665797
146017,0.10228807766092365
447212,0.11895704496315244
704530,0.05797334572215106
254523,0.1227591702278775
751088,0.10187322901840079
615841,0.11397919487166824
944663,0.10970542350896632
539654,0.08624586971178401
218347,0.0840557458721271
779615,0.06011894636506442
682931,0.05450101018318625
864969,0.11768610464682831
904041,0.056495553913706316
600790,0.14336174882830166
820697,0.11729725820848372
768792,0.08509088078997472
122151,0.12388350738321371
269543,0.09000461871913192
261174,0.09438672013685628
632518,0.06217110512806718
617888,0.08121952784424565
653647,0.109772860547124
231386,0.04536558545650806
662936,0.14876296335893555
956545,0.0
885803,0.07869568626882588
430167,0.07962117619020001
237138,0.10631143813726597
380706,0.13359598240090237
743867,0.07803492186682519
600766,0.059477198668387736
696781,0.06553597896931085
154303,0.09590400142568832
114944,0.09973481922044099
549132,0.03768383009462709
184148,0.05317768409099329
813517,0.03274436234700866
765732,0.09616512330098476
916506,0.09987753571010742
602344,0.07240748947767874
327638,0.06417866779745231
596978,0.09951825421501721
147294,0.10483000812704743
199921,0.08096463941607712
408271,0.0803798817918661
820550,0.042125400313964306
869953,0.10985925201877185
611394,0.011539986964185279
354867,0.10624706536707354
469538,0.07732199202351943
975550,0.01644250518310273
787389,0.0841232801850317
768999,0.09689076853429647
248259,0.04918686753011139
214230,0.11872939295198177
841494,0.03873058718833152
174281,0.08226298527086894
271670,0.10616136808608405
760777,0.0972537348867455
773200,0.13282047513285816
873338,0.021251629658116902
739995,0.10922216002649919
881809,0.08506408685807733
301743,0.09676302191163409
150505,0.03066293576311104
984519,0.10006941186168766
499006,0.06257398022782697
250460,0.05631738776908036
771487,0.1336111046780449
560688,0.11510081706570142
910884,0.03274436234700866
648695,0.10679692698548207
250261,0.11438085419849894
155803,0.10578462435692153
702643,0.1144426261872867
630625,0.06753138724975179
191074,0.14752946707168502
395164,0.10645433963257733
968884,0.11697543949731802
447926,0.061097932043372244
274484,0.04553264946669536
456001,0.10214015263724514
896199,0.029472882249668268
753409,0.11678030726527494
192582,0.1082148708506581
796657,0.09484917264923842
671205,0.08688952117140641
540138,0.09043377850706501
985043,0.006515188533282769
882827,0.026060754133131078
573740,0.09928111784473577
775245,0.0799731075084678
493227,0.07275900190264767
215153,0.12174873374593241
518741,0.08346125504712086
629481,0.101288130441627
697996,0.12512327918345345
665085,0.10747971277874044
571264,0.06094313356014644
717338,0.09934148182317576
463888,0.08362409008175273
385832,0.14083990392071344
173755,0.06618650591284901
487908,0.11234977185339949
843358,0.08997184778855342
434563,0.11353158224143081
148655,0.10046677445387765
894719,0.10540905102858478
246539,0.10605239856002983
431602,0.1063982346139606
430295,0.06918884136231934
610513,0.061432126380921354
623453,0.02428101980857846
121560,0.02257495575030986
504746,0.10794848181947417
513607,0.11106586737823697
295736,0.1156875138499935
495428,0.044424997330390736
314454,0.006515188533282769
342029,0.06400575816809101
242046,0.13719257825366285
893181,0.09061775943581428
946844,0.09194812838294181
233490,0.05474174445965758
552837,0.09130501625364384
559047,0.09728211165810495
117650,0.07993693640336286
215867,0.08697951349269172
531222,0.11039582928735138
147733,0.12072611919521857
935532,0.09546662512174628
670232,0.07800891953189958
236726,0.04514991150061972
909312,0.049643275762471045
282482,0.024663757774654092
513575,0.053753902058246726
514891,0.10390952722215041
592160,0.12247854645175371
816938,0.056561758192884753
540424,0.10740410562599763
991955,0.051471620032724694
280711,0.08111046306865896
902678,0.049744000729746274
950218,0.04113514942583861
637886,0.06353107448160161
596479,0.05185435799880033
917620,0.10734717949116375
311636,0.030097710162622734
647066,0.07462063250845655
710813,0.11500421262707972
218254,0.061774105559945225
763865,0.10262603182879702
613621,0.10537871141104554
591642,0.12201066064319929
776315,0.006515188533282769
730587,0.0628420725096314
346416,0.10448674287103168
385713,0.11784674520047084
630354,0.08926620439520802
283555,0.03735516371712804
664153,0.1250586001459015
737676,0.07423243657653938
950584,0.06917010139426902
243314,0.1289745949441779
175918,0.1284765626003029
826082,0.033200770579368315
429935,0.07730168967439728
468514,0.12089863531102964
307045,0.06778257153804051
586778,0.033825598492322785
561168,0.06374812472674846
332118,0.07508793309350179
523733,0.1428644252121949
437792,0.09280368943614625
900987,0.10457223668604097
542517,0.09315587028420737
750257,0.08774070450082162
894851,0.10033932758190331
932183,0.08802491641616403
954243,0.05065084164150115
792852,0.10654291483582416
167036,0.01746164253931021
910065,0.11768048981919835
676564,0.04076873516961229
597696,0.026060754133131078
914500,0.05003758520572406
125189,0.09180568096489364
932500,0.09521860182752721
853205,0.12610739298708104
512758,0.11643496323324593
695979,0.11951115698092082
275840,0.07355209114268435
578911,0.0154064792157197
330841,0.07671738433553286
111743,0.06132587152622208
205828,0.08674035435213422
383394,0.04463310219760401
477001,0.03699563666198114
712719,0.10514287666024484
746946,0.08367836751166324
960707,0.013030377066565539
167898,0.09170419480016305
565144,0.07712646114894055
516435,0.11075405244321704
807874,0.0921648105328346
268533,0.11310696302548787
892385,0.1130395815058256
203478,0.11363028913369361
394420,0.088277998729808
551151,0.08232803579701353
969500,0.10321767521661199
114842,0.1132234003006624
979815,0.07880039779897645
834256,0.06620806115755883
633844,0.09315587028420737
755803,0.11811525113834016
717673,0.06618650591284901
728470,0.09858785779379883
346483,0.009544578683744325
281442,0.09604568898852096
352922,0.08134779617952391
549794,0.03735516371712804
917282,0.10430056320132416
308524,0.04439181100891507
393491,0.10089445443951096
291808,0.117729222134833
533089,0.05379766890023077
232167,0.05856790549706703
495418,0.060318305647191976
307871,0.025362255953892587
916956,0.1027145003051993
418702,0.0741891845826003
616144,0.09834200619516986
624575,0.11686559531243121
437458,0.008221252591551365
210050,0.101556559689073
165596,0.09675461046386617
151743,0.057525461826145756
185200,0.07079026704125953
258174,0.008221252591551365
205990,0.06993110638354189
505029,0.06709334682460388
568897,0.12520157105267551
141463,0.10818029996080633
991030,0.05255285617803883
285664,0.0875717118141168
530402,0.07841765983290082
116682,0.08075524431749513
875168,0.049752093130599695
729010,0.09158349904970345
207080,0.1139493223834922
220003,0.033309587947496964
572311,0.0902671935919814
829754,0.03457418581329851
120595,0.08216601289141437
736422,0.07193135776769984
339018,0.10694537488198343
166140,0.10116388116332675
229300,0.10500170759822232
528785,0.1028911426864389
502279,0.004110626295775683
195359,0.11127256449865291
697290,0.07965637142805197
502907,0.08078504088170683
303941,0.023432377402874894
473982,0.09933664066667931
211498,0.06037790795965814
960266,0.08933281888413164
751564,0.12136016973246894
582765,0.126120105672565
330598,0.0697399990089898
914251,0.09253526001583093
954418,0.08505512857816865
494871,0.05694617922978924
908130,0.04233619530604651
928635,0.08482177836427021
183431,0.11074992546830352
950165,0.06054097710262003
262020,0.06921304423340618
840982,0.06283257630236311
965590,0.11347319067351329
978428,0.0890010767278237
644132,0.05810661830090125
672067,0.11508902301417154
224256,0.1052279925680627
431998,0.0946383103610963
680134,0.047116859692707756
989623,0.10189895344883625
657491,0.0922688152906899
781325,0.06612954778755782
717439,0.08723302449302227
885910,0.013655204979520011
368075,0.11055999333162697
456060,0.004110626295775683
941714,0.006515188533282769
372519,0.006515188533282769
964603,0.1050479470565112
319827,0.13614061087704776
798000,0.021876457571071376
712213,0.03643429438108751
652875,0.045915387432770995
581895,0.11295190300449354
158899,0.09045692146141977
314746,0.10882298967182566
695151,0.03573567608947967
839360,0.1017647840287332
824451,0.055533636382799345
502519,0.10153003899081853
672208,0.08499656756890318
297168,0.103330200067805
382985,0.12905545923772485
790874,0.08538512611609182
919310,0.03913974114539766
845443,0.0678655152701264
651390,0.02858610221946252
939016,0.12531471508726882
201595,0.0915678582171226
575091,0.12147250317553393
809363,0.08086598891239194
668190,0.10518480034259645
340113,0.0486112546728194
291724,0.13873711791028434
892886,0.10073040266099588
269899,0.08615124040984258
400770,0.11841019919778561
223443,0.05039038388741058
446254,0.042125400313964306
586915,0.061774105559945225
818264,0.021251629658116902
619338,0.0873422895674968
711328,0.09130501625364384
356426,0.06903055659899351
852085,0.08807694963995515
408109,0.03952247911147328
720340,0.12739573112937455
131644,0.10235698253242964
817060,0.049205661717051985
319957,0.06436941214071264
794716,0.07055573241465017
497846,0.0455764163086794
499812,0.12862020952652714
302805,0.04658542552365656
215515,0.04831994967027809
511003,0.06888898611587406
113342,0.052068592967287684
901822,0.08504166573431222
886899,0.07070343433578645
225418,0.034952044815568004
964388,0.09142017288498634
197246,0.12111993328496536
343228,0.03165362999442626
765124,0.05317768409099329
589186,0.05600832006928874
830625,0.08060790378492709
618920,0.01776583127529569
326259,0.04146579001290372
646944,0.11624725682435755
841217,0.1129272422727449
746387,0.11607160775894979
404047,0.10931459314203726
630873,0.060651828557605134
719594,0.13857704926450756
639300,0.028774384070429777
