User_id,Score
585116,0.774268
919964,0.738145
676216,0.729875
552361,0.721847
516280,0.719288
298587,0.715608
466074,0.71436
196644,0.713967
441766,0.712754
581433,0.708239
403912,0.70541
523927,0.704402
312032,0.702336
517672,0.698662
929920,0.693606
532373,0.691444
493304,0.690454
539147,0.690099
461441,0.688338
442474,0.68829
495677,0.686355
524484,0.685973
559763,0.68213
925777,0.680392
698284,0.679506
717039,0.674974
557413,0.672248
745515,0.671097
775059,0.669351
583710,0.668913
821109,0.668007
676277,0.667971
357942,0.667265
466061,0.667166
322073,0.666614
865118,0.666598
686280,0.664777
187450,0.664764
965368,0.663267
277461,0.659772
696909,0.659559
326136,0.659409
483949,0.659027
608837,0.65896
682562,0.6582
340693,0.657843
819950,0.65717
537241,0.656507
970623,0.656094
208875,0.655606
384315,0.652123
357897,0.651552
262171,0.651413
628113,0.651247
675984,0.649857
862596,0.649385
469342,0.648575
382867,0.647449
710143,0.646833
760146,0.645585
856272,0.644959
728440,0.644816
197702,0.642877
717831,0.642841
575872,0.642528
915062,0.642451
438758,0.642103
150731,0.641888
447212,0.640617
676479,0.640262
280887,0.639805
342788,0.639744
879300,0.639254
771003,0.638927
353434,0.638209
665085,0.638131
121188,0.637726
802142,0.634281
335637,0.63293
603533,0.632631
779810,0.63251
872362,0.632135
755153,0.630543
381310,0.630388
566356,0.629984
297832,0.629807
886296,0.628958
292764,0.628075
613101,0.62798
942048,0.627978
536594,0.627099
143795,0.626496
589848,0.6257
409193,0.625697
400882,0.625396
122151,0.625396
438895,0.624372
945077,0.624232
279202,0.624041
345488,0.62395
280700,0.623739
569940,0.623615
268977,0.622297
830152,0.621801
988970,0.621436
768420,0.621286
914251,0.621161
610323,0.620905
174242,0.620787
538863,0.620688
648695,0.620152
923219,0.620073
800012,0.61976
886805,0.619756
543262,0.618808
161027,0.618467
988577,0.61673
366198,0.616359
499812,0.616354
357938,0.616216
244217,0.614478
687885,0.614308
675981,0.613999
635537,0.613936
293511,0.613794
975501,0.613697
215867,0.613514
426237,0.613492
617211,0.613351
236006,0.613328
932500,0.612922
114842,0.612922
138196,0.612912
451416,0.612551
451532,0.612549
481792,0.612536
175918,0.6119
480815,0.611454
634795,0.611413
631071,0.611409
737423,0.61127
823636,0.610368
637733,0.610353
445778,0.610048
232834,0.607914
794990,0.607778
813160,0.607702
575326,0.607679
770352,0.607579
917620,0.606945
559063,0.606888
753056,0.606689
670218,0.60653
751309,0.605571
599102,0.605256
830335,0.605084
509322,0.604889
809199,0.604887
988746,0.60443
301743,0.604229
144151,0.604165
377490,0.604105
184496,0.602679
768494,0.601555
133299,0.601476
288530,0.601214
180969,0.600725
462105,0.600208
912447,0.600021
390338,0.599919
485673,0.599709
590339,0.599595
582765,0.599387
173755,0.599383
258220,0.597891
154303,0.597844
377020,0.597025
303413,0.596884
904784,0.596516
433905,0.596322
139535,0.596106
960266,0.596033
223929,0.595625
267611,0.5956
927385,0.595432
423195,0.594384
477664,0.594135
202794,0.594047
909665,0.593755
391533,0.593646
739698,0.593616
273301,0.593471
156455,0.593379
331471,0.593274
583972,0.593104
298092,0.59223
692606,0.591805
497836,0.591451
609717,0.590938
304886,0.590676
855826,0.590409
408074,0.588712
940747,0.588691
149929,0.58844
329239,0.588183
120898,0.588166
631115,0.587889
431602,0.58774
500449,0.58771
721905,0.587641
825774,0.587305
661242,0.587249
141493,0.587244
286950,0.586644
202669,0.586425
518991,0.586167
237138,0.585963
873501,0.585706
455895,0.58542
314746,0.584657
779615,0.584288
262020,0.583928
630625,0.583435
201171,0.58263
727348,0.582485
421904,0.58238
728824,0.582074
158899,0.582014
428655,0.581885
251700,0.581774
193931,0.581556
496558,0.581147
517595,0.580982
418843,0.580673
912155,0.579962
908130,0.579597
661719,0.57884
817320,0.578776
569850,0.578583
921114,0.578435
609693,0.57818
987597,0.577877
358104,0.577655
880420,0.577551
989623,0.57688
697765,0.576756
342029,0.576526
872945,0.576215
231226,0.575771
292684,0.575634
142541,0.575518
188948,0.575332
530471,0.575216
403418,0.575171
709940,0.575122
161374,0.574881
949696,0.574632
706885,0.574328
258972,0.574279
565173,0.574095
945629,0.57401
461950,0.573709
506780,0.573372
572574,0.572574
974813,0.572425
254026,0.57214
355385,0.572017
860942,0.571739
702409,0.571577
439994,0.571232
140924,0.571169
631277,0.571146
116344,0.570351
335732,0.570312
123374,0.569883
533578,0.569655
221283,0.569529
152848,0.569043
854783,0.568978
158121,0.568967
348163,0.567579
262448,0.567049
183431,0.567044
380706,0.566952
783066,0.565614
753504,0.56557
856885,0.565389
550637,0.565346
399645,0.564887
788386,0.564565
401348,0.564319
392816,0.564305
714462,0.563594
571193,0.563317
636976,0.563169
921629,0.563167
307957,0.56308
510679,0.563022
224256,0.562756
126622,0.562694
978087,0.562684
520060,0.562612
313032,0.562393
711328,0.562339
908188,0.561914
934985,0.56173
325520,0.561073
542415,0.560937
281442,0.56071
713454,0.560459
927944,0.560124
745697,0.560061
865570,0.559858
151984,0.559406
530683,0.558514
768774,0.558011
624480,0.557776
198586,0.55733
386253,0.556307
776738,0.556281
520707,0.555928
869247,0.555727
359176,0.555629
456218,0.555276
117650,0.55463
891463,0.554373
684092,0.554045
352922,0.553981
561168,0.5538
382985,0.553557
908213,0.553312
891091,0.553239
220949,0.55306
733690,0.552872
810645,0.552605
518321,0.5525
245427,0.552176
370268,0.552035
812335,0.552019
447443,0.55138
518360,0.551312
712210,0.551102
261174,0.550772
347595,0.550651
809276,0.550593
523278,0.550118
557559,0.550087
689056,0.550084
111432,0.549739
950877,0.549337
483488,0.549226
769769,0.549161
885733,0.549123
673788,0.548203
833433,0.547864
710566,0.547738
257239,0.547602
892594,0.547388
547708,0.546778
154953,0.546624
146785,0.546465
613485,0.546303
335005,0.545409
811355,0.545161
179623,0.545096
215153,0.544805
905672,0.544581
801766,0.54411
616536,0.543905
600774,0.543845
777903,0.543567
158994,0.543319
649212,0.543229
166704,0.543178
478278,0.542724
179358,0.542348
574626,0.542066
844424,0.541923
404366,0.541286
427660,0.541232
480191,0.540829
467376,0.540629
213878,0.540071
377605,0.540048
272517,0.539889
706483,0.539792
563098,0.539652
912776,0.539625
489193,0.539327
544360,0.539225
326414,0.53865
537483,0.538553
630873,0.537807
718594,0.537691
697426,0.537437
569489,0.537188
773998,0.536584
522678,0.536384
128352,0.536298
284378,0.535924
781759,0.535432
968129,0.535365
367141,0.535193
975550,0.535188
695979,0.535
543779,0.534919
582902,0.534897
380367,0.534595
409222,0.534591
334502,0.534421
835511,0.533657
653169,0.53364
647710,0.533633
827830,0.533528
855398,0.533155
430167,0.533146
548592,0.533129
130913,0.533042
957326,0.532554
425933,0.532404
532283,0.531937
838408,0.531714
189860,0.531539
578911,0.531132
162781,0.530963
885443,0.530174
116682,0.529705
182214,0.529435
132535,0.529223
646397,0.528995
691453,0.528847
719014,0.528764
817535,0.528596
715640,0.528443
863667,0.528389
886338,0.528332
794688,0.528323
821158,0.528281
755513,0.52817
937222,0.528028
662899,0.527957
846548,0.527844
555187,0.527142
815556,0.526809
843358,0.526707
715322,0.52641
506989,0.525908
991030,0.525897
979404,0.525459
316637,0.525288
944680,0.525243
417599,0.525126
239598,0.525091
888092,0.524985
455686,0.524938
650128,0.52489
559047,0.524508
554146,0.524332
928908,0.524322
934246,0.524265
841593,0.524239
519656,0.524062
871606,0.523649
741300,0.523048
830142,0.523031
171554,0.522511
873777,0.52249
839360,0.522095
969609,0.521523
650485,0.521477
402299,0.52136
283555,0.520983
844369,0.520719
816305,0.520397
866781,0.520303
888188,0.520229
994700,0.520008
536785,0.51978
335873,0.519636
669714,0.519516
932670,0.519216
374955,0.519174
492350,0.519039
929416,0.518608
360690,0.518571
887008,0.51849
495516,0.518484
995096,0.518054
137532,0.517954
548431,0.517913
590514,0.517846
433982,0.517664
404801,0.517527
849192,0.517504
492452,0.517342
638572,0.516949
751011,0.516904
741183,0.516853
810374,0.516656
551015,0.516509
608465,0.515814
834088,0.515585
995643,0.515436
820296,0.515416
407774,0.515402
643657,0.515254
219421,0.51511
848067,0.514606
579147,0.514595
508092,0.514565
489045,0.514364
708277,0.514249
228061,0.513966
811759,0.513913
445016,0.513905
891489,0.51374
191074,0.513697
432501,0.513631
817060,0.51336
687041,0.513065
366775,0.512818
832618,0.512606
448606,0.512429
374882,0.512
597418,0.511669
927963,0.511663
824983,0.511662
354986,0.510957
819232,0.51094
496786,0.510046
820070,0.509876
612406,0.509612
901767,0.509323
337706,0.509176
129406,0.509084
505472,0.508781
660204,0.50877
958044,0.50874
710075,0.508641
877162,0.508007
257599,0.507579
385132,0.507577
428588,0.507301
171549,0.506901
869953,0.506886
999583,0.506879
199921,0.506765
360892,0.506708
753073,0.50654
465522,0.506533
888662,0.506323
800337,0.505939
210361,0.505916
631463,0.505899
755450,0.505858
936943,0.505542
914605,0.505473
948796,0.505108
339018,0.505043
611446,0.504513
618920,0.504289
582310,0.504121
597696,0.503976
237928,0.503807
720857,0.503788
765124,0.503672
129364,0.503436
818832,0.503377
807917,0.503221
156699,0.502814
946844,0.502539
866885,0.501966
223578,0.501915
884079,0.501566
263794,0.501397
950687,0.501374
132940,0.501361
493441,0.500122
714382,0.500067
728007,0.499741
457179,0.499711
547779,0.498977
873049,0.498222
473982,0.498041
809535,0.496952
503285,0.496865
162461,0.496818
464989,0.496795
528785,0.496531
645845,0.496339
952153,0.496007
691580,0.495913
131847,0.495013
938826,0.494892
832320,0.494512
600790,0.494274
804248,0.494259
977416,0.493923
965717,0.493498
222440,0.493046
215519,0.492973
216612,0.492967
635294,0.492915
908152,0.4927
330598,0.492672
610513,0.492646
864969,0.492531
990932,0.492074
633803,0.492019
778012,0.491959
397156,0.491356
321616,0.49122
796657,0.490665
223899,0.49042
771486,0.49018
519940,0.489998
859383,0.489883
158451,0.489801
384065,0.4898
737025,0.489471
283282,0.48903
126199,0.488345
952339,0.488288
437458,0.488104
454242,0.488096
287807,0.488041
866883,0.488035
662936,0.487965
548443,0.487459
722098,0.487
311277,0.485894
765744,0.485602
569760,0.485572
902666,0.48505
240277,0.48493
317048,0.484891
701739,0.484798
165190,0.484651
113209,0.484627
951101,0.484235
162521,0.484053
552693,0.483959
400938,0.483529
138362,0.483342
970330,0.483316
140013,0.483282
416693,0.483251
835663,0.48324
197073,0.483035
450752,0.482338
831188,0.481949
494242,0.481482
451730,0.480908
780799,0.480841
338148,0.480708
383657,0.48053
253803,0.480285
629978,0.480242
432417,0.480186
502474,0.480161
421609,0.480153
207138,0.479732
589085,0.47955
837744,0.479511
752607,0.479488
517980,0.479245
937414,0.479189
245216,0.478886
642670,0.478833
733409,0.478022
537299,0.477187
986656,0.476858
173711,0.47673
501144,0.476669
761822,0.476659
700160,0.476298
532579,0.47607
346964,0.476043
310261,0.475828
653647,0.475824
128778,0.475814
798431,0.47569
784893,0.475552
683596,0.475476
626927,0.475355
328221,0.475269
158919,0.47511
352017,0.474447
438517,0.474307
756529,0.474121
395993,0.473801
424566,0.473546
236524,0.473305
798029,0.472732
419784,0.472438
513575,0.472336
406013,0.472184
725877,0.471954
648000,0.471943
344835,0.471854
967798,0.471835
919415,0.471481
833205,0.471459
469532,0.471427
647678,0.471229
195359,0.471152
698611,0.471132
978253,0.470974
811620,0.470893
180684,0.470837
781930,0.470494
193551,0.470223
754540,0.469821
736802,0.469553
768303,0.469419
789951,0.469155
887111,0.468704
954331,0.468647
481872,0.468623
254187,0.468577
555624,0.468318
586760,0.467766
389369,0.467173
237713,0.466898
710139,0.466591
719951,0.466541
185159,0.466069
803834,0.465326
189161,0.465314
279345,0.465207
141463,0.465041
581660,0.464583
288877,0.464292
646944,0.464273
305968,0.463632
983603,0.462973
824403,0.462878
406228,0.462681
456001,0.462651
621103,0.461882
776522,0.461875
884991,0.461829
598004,0.461079
640698,0.460792
953453,0.460387
945383,0.460354
226362,0.460316
809363,0.45976
256937,0.459718
334278,0.459537
653177,0.459443
234023,0.458728
809842,0.458691
596716,0.458611
637376,0.458036
560994,0.457955
711953,0.457942
504890,0.457905
343228,0.457703
193194,0.457699
129940,0.457564
667654,0.457477
476365,0.45734
581262,0.457257
525473,0.457074
497130,0.456858
476754,0.456233
229752,0.456078
724119,0.455911
329855,0.455829
166991,0.455675
870738,0.455538
674328,0.455185
882560,0.454661
857340,0.454599
510860,0.454596
247436,0.454424
879503,0.45429
596136,0.454217
119972,0.454198
136458,0.453936
170329,0.453839
130367,0.453833
718458,0.453557
391266,0.45352
796078,0.45333
546175,0.453194
996344,0.453043
329784,0.452971
848043,0.452894
516435,0.452714
793067,0.452686
241102,0.452525
695669,0.452478
810814,0.452144
662450,0.452054
425447,0.451902
939434,0.451867
457877,0.451757
213181,0.451601
894688,0.451336
872670,0.451193
968200,0.451143
495584,0.451139
699089,0.451101
518002,0.450632
153345,0.450033
656562,0.449955
493641,0.449838
540138,0.449809
546170,0.449773
330640,0.449566
706823,0.449516
312809,0.449317
328033,0.449256
936202,0.448824
422948,0.448538
372154,0.448163
589186,0.447713
304405,0.447392
528216,0.447175
932183,0.446988
689323,0.44687
928635,0.446195
592160,0.44619
479782,0.446106
351359,0.445834
657287,0.445658
810076,0.445646
200555,0.445504
927908,0.445387
255881,0.445225
181077,0.444995
717122,0.444622
565215,0.444615
467249,0.444229
861755,0.44417
622059,0.444162
150762,0.444052
750271,0.44389
580126,0.443153
520216,0.4429
238191,0.442865
468514,0.442696
531222,0.442661
526539,0.442627
474227,0.442604
431180,0.442323
238618,0.442286
177794,0.442219
357859,0.442172
854238,0.44174
795534,0.441705
874027,0.441668
802288,0.44151
286652,0.441394
751088,0.441299
533201,0.44053
843970,0.440348
288581,0.440189
198856,0.440167
358064,0.440159
817870,0.440116
364092,0.440075
387496,0.440038
573740,0.440037
511153,0.439894
530911,0.439766
300138,0.439476
186312,0.439319
560974,0.439128
156912,0.439117
948727,0.438768
402126,0.438127
228162,0.437675
837101,0.437671
816211,0.437448
885651,0.437163
633844,0.436953
839827,0.436469
336575,0.43624
297749,0.436091
894828,0.435947
803186,0.435774
521881,0.435769
486077,0.435702
362274,0.435567
778931,0.435307
797865,0.435165
157910,0.434864
843578,0.434809
884466,0.434741
716326,0.434259
268772,0.433566
969389,0.433441
306483,0.432768
623600,0.431943
987123,0.431801
716671,0.431653
649557,0.431639
477762,0.431397
450450,0.431263
647681,0.430925
626910,0.430833
810099,0.430735
888973,0.430703
331347,0.430528
243998,0.430474
864195,0.430311
559717,0.429867
982219,0.429775
383290,0.429759
683979,0.429718
997324,0.429536
606253,0.429465
965590,0.429073
550745,0.428841
953447,0.428712
702867,0.428626
535513,0.428389
207479,0.428258
805083,0.427894
936846,0.427715
299158,0.427667
672702,0.427364
211326,0.427257
301018,0.427247
111666,0.427184
729947,0.427181
981769,0.426847
720340,0.426676
831629,0.42667
894752,0.426501
187411,0.426258
848006,0.426108
775358,0.425966
721643,0.425791
311636,0.425698
435031,0.425572
194662,0.42523
561062,0.425228
977006,0.424955
679149,0.424752
827251,0.424317
305600,0.424118
885803,0.423444
834202,0.422921
796968,0.422835
813640,0.422813
251047,0.422735
672208,0.422598
284825,0.422199
736554,0.422183
927980,0.42217
249797,0.422038
328673,0.422035
613621,0.421797
150505,0.421764
393631,0.421655
154420,0.421362
969500,0.421188
640724,0.421187
880586,0.421121
417086,0.421121
319359,0.420988
173818,0.420606
380289,0.420588
225418,0.420474
408109,0.420471
458905,0.420416
657491,0.420215
447811,0.419899
254297,0.419886
970385,0.41965
427062,0.419512
477998,0.419226
688584,0.419007
528929,0.41888
277040,0.418695
947975,0.418537
612154,0.418506
886259,0.417801
900853,0.417795
881998,0.417677
446235,0.417572
803207,0.417561
710765,0.417434
410188,0.417291
552901,0.416936
463200,0.416933
863228,0.416689
206592,0.41661
574829,0.41634
226600,0.416055
241927,0.416038
738894,0.415666
858968,0.415418
780577,0.415354
605189,0.415203
151861,0.415192
756988,0.4148
776152,0.41455
240998,0.414497
391918,0.414412
343830,0.414376
471315,0.413935
341260,0.413746
718385,0.413732
409012,0.413426
688255,0.413212
537343,0.412958
322347,0.412754
483543,0.412412
253917,0.412235
513676,0.412227
758661,0.411938
982450,0.411817
667215,0.411164
214230,0.411082
130184,0.411018
290957,0.410555
697079,0.410543
536231,0.410509
357334,0.410293
524492,0.409816
376193,0.409597
602104,0.409556
222411,0.409141
802679,0.409048
575429,0.408866
724751,0.408599
892385,0.408238
321020,0.408075
130400,0.408006
616144,0.407993
702463,0.4078
113327,0.407746
170410,0.407665
279314,0.407571
934168,0.407177
704942,0.406382
826871,0.406038
320827,0.405913
549794,0.405556
170513,0.405469
771487,0.405191
299645,0.405057
882024,0.405028
568568,0.404904
983817,0.404843
168279,0.404788
841494,0.404652
111464,0.404301
943043,0.404164
919982,0.403969
194692,0.403925
339696,0.403867
204209,0.403487
564711,0.403459
784788,0.403319
439090,0.403244
871821,0.402903
816570,0.402715
689277,0.402178
291810,0.40215
596978,0.402048
809737,0.401798
345079,0.401298
182900,0.401264
296897,0.401077
704482,0.401025
954102,0.400874
193703,0.400537
620790,0.399994
781325,0.399515
703919,0.399416
146017,0.398976
489912,0.398958
196016,0.398796
385832,0.39856
919213,0.398309
916726,0.397049
617859,0.396246
639510,0.396086
583427,0.395881
657610,0.395748
597350,0.395665
474982,0.395652
578112,0.395621
697196,0.395361
399839,0.395337
277792,0.395137
984658,0.395008
332904,0.394941
157199,0.394932
680388,0.39468
954414,0.394587
992590,0.394388
137793,0.394117
442951,0.39388
395709,0.393844
897581,0.393235
765145,0.393113
880633,0.39307
624523,0.392946
527783,0.392612
443685,0.392562
341188,0.392504
194575,0.392081
993300,0.392031
299863,0.392
405064,0.391984
335422,0.39169
502907,0.391663
397471,0.391641
432986,0.391411
574191,0.391295
135314,0.391088
452244,0.391056
784242,0.39103
846461,0.390358
679271,0.390337
461238,0.389986
904792,0.389617
712719,0.389157
307871,0.388159
721068,0.387806
446388,0.387128
828390,0.386717
114944,0.386535
384775,0.3861
219247,0.385689
999672,0.385365
547467,0.385353
712358,0.385242
147733,0.385118
211542,0.3851
989396,0.385037
869172,0.384977
652875,0.384939
139124,0.384827
968884,0.384736
789328,0.384721
536020,0.3847
586480,0.384589
196202,0.384577
147381,0.383962
935532,0.383486
685521,0.383235
381491,0.383078
826311,0.382997
561206,0.382309
528353,0.382117
873723,0.382078
906303,0.381924
978342,0.381493
186605,0.381168
820550,0.380833
842747,0.380356
440862,0.380217
275840,0.380036
738387,0.380003
410353,0.37965
653755,0.379418
480321,0.379142
201595,0.379065
318377,0.379015
218120,0.378975
369127,0.37879
454425,0.378632
684157,0.378548
850055,0.378434
819938,0.378422
369784,0.378078
261857,0.377943
394420,0.377789
419603,0.377622
798315,0.377174
954777,0.376877
917282,0.376571
863978,0.376112
557899,0.375999
727622,0.375772
861526,0.375394
635621,0.374959
201195,0.374858
998356,0.374703
211431,0.374441
398291,0.374346
980878,0.374286
251148,0.374034
578035,0.373736
963764,0.37325
318763,0.37311
916506,0.373047
606585,0.373031
264563,0.372928
111743,0.372801
279896,0.372635
993508,0.372348
820981,0.37214
176717,0.371901
844573,0.371558
123937,0.371528
654693,0.371373
172044,0.371303
422756,0.370726
248129,0.370699
382027,0.370099
600722,0.370073
147181,0.369872
886214,0.369751
973580,0.369738
386427,0.369664
784593,0.369542
768956,0.369476
112262,0.369454
673798,0.369119
789948,0.368619
182096,0.368487
518741,0.368362
117990,0.368247
822316,0.368178
972183,0.36795
900322,0.367775
776129,0.367731
396452,0.367597
716357,0.367326
659230,0.366968
502519,0.366671
272319,0.366518
291614,0.366423
800940,0.366187
190443,0.36563
283333,0.365612
866675,0.365518
217898,0.364814
208315,0.364542
525629,0.364505
297694,0.364437
424349,0.364239
926730,0.364191
614129,0.36412
965988,0.36405
924305,0.36395
332118,0.363832
939016,0.363643
291874,0.363323
581603,0.363245
855662,0.363196
592809,0.363082
647066,0.362959
729430,0.362499
524295,0.362439
237866,0.362404
325161,0.362275
291784,0.36184
514891,0.361621
327479,0.361529
589173,0.36137
449523,0.361045
676817,0.360746
336829,0.360726
503713,0.360638
468771,0.360634
342820,0.360552
718753,0.360004
589484,0.36
208650,0.359698
603775,0.359611
475477,0.359464
507445,0.359087
680713,0.358789
552837,0.358437
787389,0.358151
429018,0.357955
946808,0.357846
906089,0.357499
794445,0.357482
204898,0.357353
447926,0.357136
623453,0.357015
729865,0.356957
466338,0.356888
657927,0.356348
249494,0.356152
204507,0.356101
706334,0.355822
650375,0.355614
706549,0.355604
722397,0.355159
894276,0.354975
356717,0.354866
928787,0.354851
391244,0.354845
848408,0.354535
386656,0.354515
260184,0.354497
654072,0.354148
461819,0.353751
278094,0.353648
848645,0.353597
837556,0.353426
992773,0.353314
677537,0.353244
706814,0.353208
589365,0.353184
302297,0.353181
975822,0.353171
300996,0.353053
526691,0.352949
320332,0.352681
836283,0.352291
576530,0.352246
975905,0.352143
774311,0.352123
428937,0.35204
386018,0.351986
283758,0.351884
221109,0.351837
453786,0.35168
710331,0.351613
776485,0.351583
178697,0.35153
164353,0.351475
737606,0.351181
744500,0.350835
730587,0.350696
565270,0.350572
954418,0.35038
535976,0.350319
196686,0.350177
776315,0.349683
764112,0.349659
925110,0.349658
210828,0.34954
191254,0.349351
820828,0.349095
575243,0.348886
680449,0.348843
657492,0.348784
368386,0.348755
454840,0.348491
171695,0.348412
418120,0.348199
215515,0.347991
939058,0.347914
373782,0.347904
738818,0.347812
186625,0.347517
409173,0.347172
646682,0.347158
185021,0.347141
251185,0.346682
710296,0.34663
584738,0.346623
803290,0.34644
624575,0.346175
913577,0.346147
966245,0.34602
288989,0.345818
939711,0.345597
326754,0.345577
867394,0.345417
343223,0.34511
184148,0.345079
150972,0.345015
755803,0.344667
989571,0.344611
756182,0.344591
910959,0.344499
477001,0.344421
758926,0.344322
112270,0.343723
550436,0.34324
414969,0.34322
743546,0.343045
499612,0.342448
924501,0.342331
174799,0.342206
996007,0.342086
548643,0.341776
964388,0.341733
987243,0.34168
228364,0.341618
615618,0.341575
747691,0.341317
486710,0.341238
250603,0.341157
579931,0.341138
403995,0.340762
575195,0.340643
371850,0.340579
233239,0.340532
331608,0.340289
632402,0.339743
650654,0.339649
499012,0.339451
218017,0.339412
883843,0.339096
400188,0.338915
925025,0.338734
331281,0.33853
906105,0.338163
892533,0.337904
784444,0.337797
743089,0.337563
148655,0.33701
335787,0.336963
909312,0.336948
844405,0.336925
738571,0.33692
314454,0.3368
461074,0.336514
948546,0.336146
263737,0.335862
455733,0.335854
937819,0.33554
484651,0.335532
186382,0.335115
888022,0.334748
652413,0.334709
156453,0.334697
711657,0.334653
419103,0.334468
908505,0.334419
718320,0.334127
923821,0.334064
112200,0.334046
229278,0.334009
746387,0.334009
981878,0.333827
592810,0.333598
409130,0.333597
280275,0.33349
139574,0.333444
325823,0.333212
591672,0.33272
616386,0.332333
945861,0.332245
796357,0.33224
941714,0.332157
277915,0.332099
980289,0.331908
271670,0.331712
685222,0.331265
121331,0.331214
444307,0.331203
439916,0.331146
373824,0.331108
773784,0.330885
960092,0.330734
269942,0.330509
960136,0.330344
664153,0.330032
168236,0.329856
433946,0.329593
687070,0.329275
346416,0.329199
834890,0.329062
165249,0.328854
751564,0.328748
223402,0.32857
407176,0.328492
776332,0.328408
554820,0.328184
651216,0.327029
276903,0.326918
517093,0.326888
387828,0.326886
716927,0.326865
220838,0.32673
494430,0.32653
333404,0.326453
473760,0.326247
250471,0.325862
783135,0.325476
741311,0.325252
893017,0.325166
791832,0.32511
254110,0.325023
280404,0.324916
287236,0.324812
437792,0.324645
348037,0.324588
954243,0.324574
788826,0.324499
529111,0.324237
448535,0.324194
910065,0.323656
131506,0.323638
276321,0.323439
882788,0.323272
900987,0.32314
125035,0.323014
833572,0.32263
651390,0.32252
269180,0.322317
944093,0.321708
309155,0.321622
746200,0.321588
180336,0.321469
827218,0.321406
250818,0.321402
823757,0.321303
190169,0.321227
865537,0.321214
648050,0.320973
697290,0.320958
737328,0.32085
810950,0.320705
237851,0.320691
542517,0.320608
131356,0.320467
204933,0.320173
383394,0.319431
183789,0.319369
651166,0.318978
336410,0.318855
864156,0.318745
478551,0.318504
875819,0.3185
830625,0.318345
124148,0.318236
746944,0.318162
736422,0.31815
782597,0.318053
670232,0.317379
155892,0.317298
773292,0.317096
279006,0.316589
845452,0.316579
841217,0.316273
990010,0.31625
268542,0.31604
475036,0.315761
578816,0.315471
957244,0.31546
329587,0.315366
289953,0.315261
695385,0.315041
704530,0.314897
753409,0.314703
530725,0.314376
696491,0.314302
728592,0.314011
985817,0.313883
926411,0.313844
773200,0.313792
833645,0.313737
530402,0.313599
408170,0.313402
627008,0.313293
144377,0.313285
497631,0.31286
832585,0.312326
863485,0.312321
701977,0.312036
984326,0.311895
409067,0.311851
171635,0.311832
311509,0.311681
615841,0.31163
170982,0.311602
958858,0.311598
879656,0.311345
704502,0.311082
787224,0.310981
986296,0.309895
369635,0.309797
676564,0.30976
580747,0.309704
917202,0.309238
625914,0.309233
499006,0.309068
639298,0.309051
309911,0.308367
677132,0.308283
232167,0.307929
247768,0.307767
854563,0.307581
319827,0.307031
218232,0.307026
759561,0.306975
981072,0.306901
873668,0.306795
303954,0.306759
507051,0.306542
745897,0.306509
911076,0.306501
695838,0.306475
880951,0.306378
913704,0.306183
744151,0.306162
224556,0.306
189557,0.3058
303941,0.305624
979820,0.305207
695151,0.30507
145495,0.305011
125189,0.304965
427944,0.304836
635670,0.304436
788456,0.304344
229312,0.304343
486299,0.304274
652992,0.303901
286449,0.303888
727767,0.303887
914849,0.303363
291078,0.303324
306222,0.303255
691616,0.303176
172390,0.303109
490005,0.302784
742194,0.302185
648884,0.302126
979100,0.30205
667223,0.302008
917186,0.301613
356426,0.301424
668811,0.301299
880421,0.301056
892150,0.300753
808506,0.300547
791661,0.300398
340871,0.300387
176980,0.300302
576723,0.300175
620301,0.300087
471081,0.29969
444931,0.29968
855569,0.299678
625666,0.29958
741725,0.299579
927508,0.299551
229479,0.299403
253073,0.29934
839249,0.299282
423952,0.299266
497944,0.299161
265207,0.299059
623520,0.298931
856874,0.298419
746776,0.298375
653854,0.298335
302805,0.298316
488572,0.298164
220003,0.298116
297547,0.298115
556008,0.298028
512758,0.297286
326558,0.297265
606925,0.29706
138241,0.296777
385864,0.296759
857902,0.296741
305293,0.2967
768314,0.296696
424876,0.296527
871035,0.296512
262597,0.296397
675064,0.295903
874269,0.295805
871119,0.295688
599496,0.295641
874058,0.295569
933502,0.295561
403095,0.295522
195406,0.295508
319610,0.295092
360729,0.295053
426141,0.294831
950584,0.294764
263671,0.294736
459750,0.294388
250163,0.294128
834365,0.294094
634450,0.294023
855664,0.294001
355614,0.293755
865458,0.293714
261978,0.293409
674665,0.293308
518670,0.2933
677478,0.293024
166526,0.292968
699163,0.292721
831928,0.292575
395401,0.292565
912086,0.292551
229300,0.292515
798000,0.292259
393491,0.292232
829178,0.292213
975000,0.292044
308524,0.291749
504415,0.291657
294703,0.291644
855179,0.291591
717338,0.291508
570620,0.2914
567765,0.290899
137543,0.290829
244794,0.290796
262830,0.290668
963508,0.290611
449395,0.290457
475999,0.290444
314488,0.290306
125739,0.290156
809776,0.289879
878510,0.289827
128776,0.289512
924939,0.289472
651364,0.288394
987756,0.288291
257680,0.288075
194347,0.288033
142819,0.288021
410566,0.287992
423708,0.287781
288660,0.287737
929438,0.287084
826396,0.286891
718196,0.286836
634895,0.286767
940781,0.286516
201743,0.286478
555615,0.286459
420659,0.286274
461628,0.286208
712213,0.286086
739271,0.286067
226973,0.285899
989727,0.285693
904041,0.285671
340715,0.285379
278181,0.285275
880584,0.285257
266923,0.285169
967078,0.28492
932327,0.284898
229483,0.284763
438211,0.28461
113956,0.284208
824964,0.284044
265284,0.283911
166140,0.283454
941976,0.283177
220689,0.283078
146562,0.283015
330841,0.282945
898571,0.282868
716447,0.282801
246539,0.282744
858784,0.282524
991009,0.282395
363361,0.282369
131644,0.282212
539662,0.282068
307055,0.281979
702180,0.281817
464701,0.281573
561745,0.281536
876782,0.281483
176015,0.281468
537720,0.281391
523346,0.281257
630354,0.28117
500784,0.280975
313462,0.280954
586900,0.280555
354528,0.280457
286227,0.280448
268533,0.280103
974196,0.280034
768016,0.279829
599201,0.279333
555713,0.279318
360446,0.279226
704960,0.279042
597624,0.278746
543566,0.278402
613633,0.278383
810270,0.278157
123335,0.277975
357060,0.27791
997240,0.277655
697451,0.277614
409496,0.277463
950165,0.277359
284776,0.27716
844813,0.276722
647477,0.276602
992045,0.276523
969443,0.276404
746668,0.276356
140311,0.276295
706200,0.276242
269899,0.276209
672155,0.276157
587566,0.276114
874103,0.276071
804255,0.275706
294561,0.275648
300443,0.275604
891089,0.275509
965014,0.275325
434873,0.275241
830786,0.275134
279951,0.275129
127577,0.275024
845443,0.274994
139207,0.274796
884135,0.274719
468231,0.274428
800834,0.274241
115236,0.274162
875028,0.27366
834256,0.273542
977126,0.273534
750500,0.273533
983221,0.273527
125681,0.273364
156571,0.273285
743867,0.273263
904588,0.273247
521787,0.273213
457958,0.273197
134313,0.273042
695393,0.272602
513607,0.272168
290230,0.272115
413801,0.271577
382843,0.271074
577312,0.270778
547086,0.270775
225338,0.270694
667286,0.270595
524597,0.270303
560688,0.27026
574271,0.270259
312245,0.270131
329671,0.270108
216239,0.269983
644132,0.269769
907351,0.269658
795918,0.269374
957508,0.26911
753385,0.269047
853353,0.269032
813754,0.268963
965032,0.268924
344384,0.268787
784773,0.268623
502279,0.268546
783106,0.268464
872048,0.268353
316579,0.268083
233490,0.267882
332641,0.26773
922557,0.267231
667285,0.267197
989845,0.266828
662339,0.266596
374304,0.266276
633262,0.266159
927836,0.265839
274484,0.265674
609062,0.265503
170909,0.265461
771090,0.265257
495327,0.265209
194738,0.26509
184588,0.265001
826008,0.264765
972719,0.264586
119100,0.264513
886822,0.264402
716178,0.264346
112448,0.26429
315200,0.264245
532070,0.264226
239824,0.264199
682931,0.264081
759520,0.26393
432194,0.263864
687747,0.263754
712017,0.263754
695586,0.263643
533019,0.263566
558200,0.263521
205428,0.263484
218347,0.263424
999197,0.263373
774841,0.263357
556375,0.263299
176181,0.263218
803398,0.263109
970470,0.263067
788238,0.263035
282949,0.262887
531488,0.262823
723863,0.262818
458933,0.262776
209861,0.262725
322904,0.262638
387965,0.262606
575091,0.262554
576852,0.262388
258709,0.262325
924265,0.262259
253899,0.262255
224890,0.262239
384168,0.262075
639380,0.261681
890454,0.261529
327043,0.260946
894851,0.260828
958491,0.260764
177560,0.260739
776264,0.260608
127477,0.260547
487769,0.260406
235423,0.260237
697180,0.260225
848147,0.260196
585168,0.25998
635527,0.259969
111274,0.259742
531045,0.259675
964104,0.25942
186763,0.259414
908749,0.259351
887506,0.259318
861651,0.259276
390167,0.259107
733314,0.258911
903514,0.258698
863276,0.258627
801538,0.258612
665700,0.258369
630454,0.258343
746946,0.257814
427505,0.257736
574362,0.257697
208433,0.257625
775558,0.25757
933454,0.257515
317831,0.257318
961925,0.257271
835656,0.257247
298683,0.25721
360256,0.256763
199756,0.256682
422973,0.256664
237665,0.25661
922261,0.256489
671205,0.256459
232161,0.256213
413696,0.256199
763865,0.255939
443582,0.255282
175706,0.255106
803113,0.255087
438956,0.254629
463888,0.254619
150406,0.254603
497145,0.254387
331717,0.254044
331085,0.254044
960707,0.253915
434563,0.253844
698051,0.253523
729010,0.253516
572311,0.253247
245445,0.253212
866330,0.252953
861864,0.252493
589936,0.252467
161891,0.252451
483460,0.252161
638936,0.251862
951664,0.251558
358219,0.251391
333194,0.251124
161807,0.250633
300174,0.250424
599456,0.250309
998151,0.250066
542892,0.249933
996477,0.249906
902678,0.249467
332514,0.249462
623874,0.249446
827404,0.249287
238874,0.249283
291776,0.249268
315831,0.249065
284339,0.248985
975023,0.248476
837873,0.248248
707520,0.248063
926552,0.247933
869153,0.247495
165789,0.247348
385713,0.247303
777126,0.247006
792852,0.246989
506125,0.246821
806064,0.246755
641166,0.246712
283740,0.246691
894719,0.246672
347834,0.246556
466531,0.246427
710813,0.246345
581763,0.246316
661830,0.246286
816357,0.245963
562750,0.245567
682094,0.245335
820107,0.245243
287323,0.245207
580350,0.245146
218254,0.24511
697996,0.244996
404047,0.244885
465839,0.244786
290860,0.244742
544250,0.24468
326358,0.244658
782219,0.24462
542039,0.244543
698359,0.244383
964603,0.244181
196838,0.24396
784789,0.243665
360177,0.243494
443047,0.242955
335675,0.242859
403695,0.242779
692629,0.242623
509874,0.242555
525786,0.242518
404683,0.242344
228034,0.242296
886899,0.242201
990155,0.242073
363224,0.242043
502967,0.241827
297168,0.241617
372481,0.241584
433646,0.241558
564257,0.241523
575965,0.241362
853205,0.241336
429935,0.241039
650086,0.240856
469061,0.240276
617965,0.240206
171324,0.240202
509710,0.240181
865642,0.240134
906378,0.240134
674035,0.24002
138059,0.239932
668190,0.239781
579278,0.239445
475977,0.239322
239251,0.239285
166383,0.239238
629727,0.238905
181864,0.238876
975492,0.238691
772187,0.238422
533357,0.238384
744403,0.238364
680155,0.238335
564498,0.238117
123712,0.238055
136967,0.238002
775878,0.237904
609899,0.237835
185200,0.237734
793972,0.237637
623075,0.237617
123356,0.236708
702304,0.236575
501592,0.236514
411121,0.236503
284269,0.236424
433766,0.236339
772602,0.236291
285589,0.236258
608880,0.236228
523733,0.236149
345008,0.23571
547495,0.235614
441637,0.235531
181241,0.235523
226752,0.235501
653690,0.235447
512185,0.235387
706130,0.235362
894827,0.234849
677219,0.234834
731565,0.234804
133924,0.234734
342565,0.234732
669623,0.234694
117301,0.234661
922320,0.234588
833551,0.234281
719594,0.234093
521852,0.234006
257310,0.233915
224480,0.233894
684412,0.23386
770377,0.233635
607832,0.233349
803362,0.233138
744327,0.233101
379409,0.233095
317011,0.233055
392065,0.232941
622947,0.232783
162923,0.232716
307045,0.232669
973959,0.232525
611334,0.232523
656775,0.23252
272842,0.232078
826082,0.232076
520541,0.232062
337274,0.232053
538082,0.232014
811194,0.231988
781250,0.231849
768792,0.231803
168166,0.231769
599295,0.231332
285664,0.231207
564691,0.23104
812826,0.230825
600586,0.230651
817185,0.230625
893181,0.230243
658163,0.230045
340412,0.229706
324583,0.229569
431473,0.229567
471813,0.229371
978428,0.229179
510758,0.229105
157287,0.229056
654242,0.22901
530495,0.228955
418702,0.228609
584296,0.228433
998987,0.228356
184662,0.228251
908902,0.227595
267256,0.227538
404691,0.227379
995690,0.227346
573270,0.227287
645582,0.227245
556233,0.227139
360201,0.227089
169610,0.226991
665596,0.226846
809266,0.226412
235468,0.226332
637059,0.226177
205431,0.22601
516505,0.225982
174110,0.225875
971742,0.225865
291724,0.225741
728391,0.22572
828900,0.225625
346483,0.225578
281422,0.225524
561198,0.225483
811745,0.225036
603800,0.224803
654065,0.22478
647785,0.224331
205994,0.224242
950218,0.224073
242046,0.223983
141531,0.223922
504400,0.223512
417993,0.223359
577255,0.223332
239670,0.22317
910238,0.222982
948849,0.222959
716565,0.222906
659767,0.222529
257081,0.222366
190263,0.222279
384759,0.22226
250261,0.222216
306365,0.22221
904649,0.222013
308624,0.221984
629481,0.221809
666015,0.221773
852740,0.221574
211498,0.221115
604777,0.22109
432288,0.221003
804442,0.220695
807004,0.220595
119918,0.220292
267820,0.220202
717439,0.220188
270087,0.220152
413782,0.220081
978254,0.219933
408633,0.219879
565144,0.219682
771272,0.219633
895163,0.21962
698905,0.219327
896254,0.219293
221888,0.219125
476260,0.219104
151472,0.219085
211830,0.219021
764500,0.218993
346648,0.218832
768999,0.218783
854194,0.218776
348115,0.21869
728098,0.218652
551151,0.218485
501044,0.218391
377771,0.218378
270422,0.218344
326259,0.218303
165457,0.218207
117970,0.218194
591642,0.218187
122680,0.218174
738822,0.217976
998068,0.217908
739995,0.217885
178967,0.217704
269873,0.217626
424308,0.217591
702643,0.217474
295736,0.217297
127570,0.21728
746620,0.217259
218601,0.217226
992244,0.216876
291808,0.216384
566802,0.215897
901249,0.215672
350089,0.215576
524359,0.21556
992399,0.215345
190543,0.215014
779200,0.214949
502220,0.214772
172672,0.214718
632518,0.214486
843601,0.214332
280711,0.214143
763022,0.214119
516253,0.213893
645579,0.213856
637435,0.213848
134147,0.213662
237311,0.213661
550783,0.213625
115703,0.2136
131671,0.213384
786786,0.213347
646270,0.213092
852432,0.213014
136268,0.213008
731573,0.212821
739163,0.21281
892886,0.212755
497403,0.212423
688146,0.212302
773123,0.212288
611402,0.212125
235504,0.211874
360140,0.211778
957410,0.21169
444226,0.211671
695708,0.211614
602264,0.211608
266361,0.211537
278205,0.211508
574923,0.211407
502475,0.211392
254523,0.211339
588284,0.211308
376095,0.210951
187819,0.210906
721272,0.21086
768361,0.210479
711823,0.210394
412647,0.210226
161342,0.209985
278500,0.209824
354867,0.2098
298684,0.209706
931187,0.209566
220625,0.209564
514395,0.209498
117096,0.209014
172902,0.209014
583019,0.209005
309204,0.208712
665468,0.208446
581895,0.208409
715764,0.20828
565069,0.208133
591018,0.208022
376600,0.20782
306919,0.207755
869106,0.207753
157588,0.20775
597924,0.207664
420178,0.207639
387745,0.207621
293505,0.207615
885569,0.207496
437787,0.207425
426748,0.207285
862235,0.207251
991264,0.207163
849714,0.206936
610196,0.206858
476267,0.206795
456686,0.206754
430295,0.206587
719980,0.206485
571088,0.206428
983681,0.206381
431998,0.206361
176967,0.206237
605314,0.206202
907472,0.206141
755035,0.205891
902281,0.205724
672067,0.20566
948721,0.205637
882977,0.205308
351427,0.205281
451246,0.205125
547889,0.20511
879180,0.205085
493227,0.205065
341801,0.204693
135493,0.204411
137176,0.204383
275395,0.204128
672914,0.20398
967628,0.203789
298640,0.203777
960756,0.203769
893335,0.203647
192582,0.203593
290932,0.203539
774016,0.203515
322026,0.203431
254994,0.202968
353145,0.20285
399223,0.202468
126700,0.202438
571264,0.202248
256029,0.20215
753622,0.202111
793054,0.201946
630595,0.201781
215504,0.201647
253437,0.201613
565729,0.201604
543056,0.201583
174281,0.201558
916956,0.201464
312458,0.201411
425989,0.201237
332859,0.20095
941835,0.200782
973255,0.200749
236726,0.200724
496964,0.200533
290214,0.199776
406737,0.199772
209791,0.199614
859079,0.199609
964710,0.199503
197246,0.199429
807874,0.199371
896013,0.199334
158053,0.199315
167068,0.19921
340113,0.199107
953749,0.199081
706084,0.198965
577128,0.198919
646137,0.198549
461275,0.198519
450128,0.198318
383462,0.19823
939020,0.198185
637886,0.198169
507333,0.198085
333751,0.198063
425871,0.197985
491665,0.197938
129049,0.197864
131795,0.197718
341446,0.197653
410484,0.197543
533089,0.197539
842334,0.197464
944142,0.197433
655475,0.196945
243314,0.196858
813710,0.196394
281393,0.196363
617456,0.196314
944663,0.196291
505533,0.196076
407658,0.195684
275584,0.19552
859927,0.195514
711046,0.195365
368075,0.19509
716772,0.195076
814588,0.195061
180856,0.195038
801695,0.194993
613436,0.194949
740988,0.194693
271117,0.194693
740691,0.194631
617888,0.194501
605839,0.194413
989096,0.19432
901855,0.194164
177979,0.193803
665052,0.193784
427788,0.193766
161515,0.193742
377281,0.193584
472983,0.193573
892511,0.19356
794716,0.1935
208722,0.193406
602670,0.193369
672475,0.19327
459105,0.193264
919310,0.1932
830447,0.192972
568897,0.19286
388720,0.192696
827355,0.192612
834026,0.192602
480240,0.192578
728470,0.192449
755201,0.192343
366924,0.192255
775245,0.19222
649415,0.192179
595069,0.19214
773159,0.191825
639300,0.19172
147294,0.191338
205828,0.191302
490823,0.191156
340100,0.191071
937127,0.191007
487908,0.190887
899172,0.190847
947560,0.190574
725856,0.19047
724903,0.190373
561110,0.190249
991955,0.19018
292893,0.189872
171840,0.189675
203478,0.189464
862180,0.189323
357730,0.189259
824238,0.189044
540424,0.188938
559615,0.188894
580253,0.188733
659622,0.18862
453562,0.188619
736860,0.188432
531548,0.188372
494871,0.188338
776192,0.187934
136306,0.187923
551307,0.187609
489526,0.187594
436983,0.187589
441976,0.187547
823077,0.187529
144787,0.187358
656557,0.186999
505477,0.186874
325831,0.186824
560706,0.186687
551997,0.186531
193726,0.186422
273711,0.186338
773982,0.186232
327638,0.18621
436181,0.186177
357880,0.18603
901822,0.185932
895019,0.185747
190760,0.18568
979815,0.185674
939314,0.185561
595249,0.185521
423909,0.185406
531523,0.185303
562961,0.185262
876378,0.185025
263718,0.185013
457110,0.18486
239287,0.184739
141770,0.18469
925315,0.184436
761768,0.184329
265590,0.184252
355626,0.184174
482371,0.184113
844847,0.183884
153951,0.183856
707549,0.183588
848389,0.183494
976841,0.18349
895481,0.18343
120595,0.183375
739557,0.183346
725443,0.183324
268967,0.183174
917872,0.183071
998442,0.183018
903662,0.182985
182225,0.182889
180738,0.182827
985043,0.182647
899535,0.182597
951861,0.182485
200531,0.182404
920882,0.18224
360851,0.181895
284533,0.181631
309565,0.181533
257791,0.181515
382917,0.181359
210050,0.181128
470457,0.181126
495328,0.180993
834540,0.180945
829754,0.180896
853547,0.180833
191106,0.180668
505029,0.180546
575319,0.180539
528577,0.180528
907973,0.180477
133815,0.180115
144222,0.180082
881831,0.180068
207080,0.180009
400770,0.179912
176245,0.179835
390688,0.179827
294890,0.179689
512690,0.17948
866991,0.179465
894244,0.179455
521956,0.179328
703650,0.179115
470880,0.179007
671552,0.178864
538929,0.178739
818264,0.178555
750940,0.178427
198230,0.178404
689580,0.178383
504746,0.17835
394263,0.178271
207445,0.177822
748600,0.177796
749744,0.177477
688279,0.177459
657401,0.177444
910911,0.177355
737704,0.177195
211081,0.177179
294209,0.177147
495428,0.177076
511003,0.177076
495418,0.17701
114590,0.176908
224028,0.176869
750257,0.176772
211535,0.176543
812001,0.176455
512291,0.176281
956157,0.176205
197666,0.176183
711218,0.176175
493563,0.176136
600766,0.175808
805219,0.175638
539654,0.175131
577168,0.174976
676672,0.174848
493664,0.174631
117521,0.174597
631436,0.174517
296534,0.174079
184592,0.173991
199147,0.173947
830472,0.173898
803164,0.173873
398773,0.173864
953643,0.173665
367822,0.173638
792301,0.173588
506616,0.173555
443400,0.173314
282482,0.173299
760777,0.173282
814520,0.172903
292969,0.172852
115262,0.172747
875168,0.17271
829918,0.17251
173647,0.172242
212955,0.172188
717673,0.172003
667225,0.171812
121560,0.171676
888329,0.171665
130935,0.171575
395164,0.171518
140486,0.171506
627377,0.1712
165596,0.171164
519984,0.171065
391795,0.17098
139410,0.170878
138779,0.170783
190656,0.170761
199274,0.170696
539286,0.170322
637434,0.170304
858239,0.170189
176515,0.170162
831408,0.170143
790874,0.16968
726304,0.169478
372519,0.169369
304727,0.169291
845837,0.169061
252561,0.169037
509524,0.169011
478685,0.168545
423741,0.168468
730961,0.168303
664234,0.168221
122188,0.168134
960552,0.167843
792236,0.16778
522857,0.167566
550004,0.167555
420643,0.16723
868467,0.167159
160193,0.167092
980368,0.167079
927855,0.167075
113342,0.166997
141486,0.166723
820751,0.166568
507726,0.166345
300279,0.166169
791225,0.166107
745110,0.166026
152609,0.165981
745054,0.16597
849692,0.165913
571406,0.16571
796138,0.165325
852085,0.165125
824451,0.164977
269543,0.164902
394103,0.164741
454809,0.164424
141303,0.164357
281397,0.164298
623561,0.164155
748874,0.164106
378080,0.164093
562508,0.164024
166620,0.163944
320349,0.16392
231386,0.16381
358901,0.163803
397455,0.163701
872813,0.163698
735972,0.163423
753737,0.163422
946336,0.163392
819970,0.163346
466611,0.162866
891205,0.162721
984519,0.162425
172386,0.162361
152084,0.16235
946375,0.162261
223932,0.162022
764001,0.162019
183310,0.16191
479608,0.161834
369761,0.161726
840637,0.161702
696781,0.161559
794930,0.161535
357121,0.161487
204235,0.16138
841636,0.161144
155803,0.161038
288240,0.16099
407343,0.160765
119862,0.160765
603918,0.1606
308165,0.160392
554396,0.160283
831089,0.160236
260216,0.160093
474309,0.160073
805652,0.159865
764009,0.159416
386878,0.159323
549132,0.159161
318257,0.158945
230524,0.158594
221941,0.158385
448099,0.158184
757066,0.157998
131543,0.157861
461732,0.157778
415645,0.157531
840982,0.157291
404653,0.156935
305670,0.156825
439885,0.156573
765732,0.156444
897752,0.156351
187487,0.156249
813517,0.1562
413710,0.156166
987094,0.156126
445284,0.156126
645607,0.15586
781866,0.155698
586915,0.155575
602344,0.15557
283608,0.155479
533471,0.155383
968822,0.155236
167898,0.15489
606861,0.154778
820697,0.154706
937594,0.154499
157458,0.15447
533281,0.154252
336644,0.153901
150549,0.153635
434747,0.153546
485730,0.153397
794936,0.153216
713212,0.153092
619338,0.152976
881874,0.152655
393274,0.15254
878659,0.152471
183032,0.152359
200283,0.152315
152730,0.152227
469178,0.152202
422231,0.151679
524806,0.151599
285411,0.151522
729263,0.151501
680134,0.151443
431136,0.151414
569034,0.151318
731101,0.151057
386245,0.151021
305112,0.151012
680739,0.150622
628034,0.150456
390149,0.150447
866908,0.150172
313582,0.149825
560765,0.149778
652852,0.14975
771528,0.149715
194976,0.149646
835552,0.149469
306297,0.149465
618308,0.149212
823258,0.149137
777078,0.148959
533064,0.148873
969815,0.148422
162891,0.148351
247349,0.148284
892861,0.148147
237630,0.14807
956545,0.147734
215829,0.147661
469538,0.147432
771102,0.14723
517051,0.146922
915179,0.146888
689018,0.146788
457942,0.146768
319957,0.146614
657249,0.146247
313669,0.146064
649239,0.145873
839500,0.145808
963610,0.145729
881809,0.145551
188653,0.14513
466110,0.144817
805951,0.144792
626057,0.144772
638182,0.144541
408271,0.144401
264297,0.144389
199252,0.144328
536526,0.144253
498895,0.144024
926790,0.143454
151743,0.143092
165857,0.142854
347300,0.1428
802655,0.142749
768889,0.142724
177116,0.142431
638529,0.142301
485663,0.142093
167036,0.141843
192483,0.141725
223443,0.141553
671906,0.14153
556030,0.141429
944862,0.1407
914500,0.140342
467106,0.139918
282518,0.139705
885910,0.139648
768232,0.139256
741911,0.139155
431059,0.139095
597553,0.138949
532964,0.138615
395639,0.138484
151693,0.137901
501563,0.137833
250460,0.137665
746570,0.137495
589582,0.137473
158219,0.137242
378821,0.137215
246792,0.137098
886182,0.137037
973337,0.136845
818848,0.136702
498952,0.136624
998188,0.136611
336864,0.136312
686580,0.13607
770457,0.135911
579265,0.135663
885979,0.135464
248259,0.135247
516232,0.135074
306454,0.135003
446254,0.134637
984798,0.134635
539817,0.134445
935010,0.133882
737676,0.133729
236426,0.133703
271918,0.133674
188676,0.133138
559608,0.133103
222392,0.132917
777092,0.1327
386566,0.13241
579947,0.132102
529443,0.131299
169419,0.131292
133872,0.130485
910884,0.130414
896199,0.130116
874066,0.130105
764645,0.129885
586778,0.129718
718223,0.129643
866250,0.129418
970586,0.129362
347208,0.129352
496867,0.129317
908734,0.129062
834594,0.128882
985417,0.128835
595536,0.127907
158789,0.127831
380244,0.127377
879544,0.127225
350288,0.127063
793597,0.127017
325110,0.126954
240441,0.126847
627525,0.12667
187470,0.126308
919149,0.126243
722635,0.125709
201005,0.12547
497846,0.125407
205990,0.125174
759900,0.124912
153186,0.124859
568074,0.124476
490237,0.124306
588878,0.124223
402404,0.123691
241324,0.123547
252943,0.123025
492415,0.122797
374204,0.122388
726131,0.122054
452018,0.121166
879313,0.121008
402163,0.120153
970835,0.119787
171753,0.119645
313249,0.119581
422321,0.118377
127837,0.118258
285209,0.118216
538693,0.118031
302439,0.116487
953788,0.116457
877705,0.115824
724808,0.115784
800051,0.115686
929656,0.114856
620846,0.114448
440252,0.114354
444663,0.114293
914016,0.114
728569,0.113668
207646,0.112881
765993,0.112725
820392,0.112714
858624,0.112267
776201,0.112038
732811,0.1117
897769,0.111293
816938,0.111288
649964,0.111047
211172,0.110975
258174,0.11092
697256,0.110033
313476,0.108776
596479,0.108431
792170,0.108056
363417,0.108056
611394,0.107793
627974,0.107492
854162,0.107344
627337,0.10676
939807,0.106153
621877,0.10349
707038,0.102933
158087,0.102229
412821,0.102128
448407,0.101776
849052,0.101706
856216,0.098703
715412,0.098468
917755,0.096632
145942,0.096288
630260,0.096204
442180,0.095999
335444,0.095295
232494,0.095163
863192,0.09431
140403,0.094077
873338,0.093978
141636,0.092353
887232,0.090606
337424,0.09048
616845,0.089346
559352,0.089238
959274,0.088959
181129,0.088483
648585,0.086673
718824,0.086346
880505,0.084908
882827,0.084624
116644,0.084523
243503,0.084392
813842,0.083754
989698,0.08329
924950,0.083267
806459,0.083266
942193,0.082299
174677,0.081703
911745,0.077576
456060,0.075668
784981,0.072705
812696,0.072022
722830,0.066597
322989,0.066147
821094,0.066026
814569,0.059821
198852,0.058017
